id,date,hour,lon,lat,X,Y
49152,2020-01-14,04:00:00,-64.6656,-54.8736,393124.4086,3918003.407
49138,2020-01-14,04:00:00,-64.673065,-54.861866,392614.266,3919297.522
49178,2020-01-14,04:00:00,-64.67627,-54.856533,392394.3732,3919885.956
49152,2020-01-14,16:00:00,-64.6656,-54.8736,393124.4086,3918003.407
49138,2020-01-14,16:00:00,-64.673065,-54.861866,392614.266,3919297.522
49180,2020-01-14,16:00:00,-64.680534,-54.859734,392129.223,3919523.254
49178,2020-01-14,16:00:00,-64.67627,-54.856533,392394.3732,3919885.956
49152,2020-01-15,04:00:00,-64.6656,-54.8736,393124.4086,3918003.407
49138,2020-01-15,04:00:00,-64.673065,-54.861866,392614.266,3919297.522
49180,2020-01-15,04:00:00,-64.680534,-54.859734,392129.223,3919523.254
49178,2020-01-15,04:00:00,-64.67627,-54.856533,392394.3732,3919885.956
49152,2020-01-15,16:00:00,-64.6688,-54.8736,392919.0957,3917998.52
49138,2020-01-15,16:00:00,-64.673065,-54.861866,392614.266,3919297.522
49180,2020-01-15,16:00:00,-64.6784,-54.8608,392269.0298,3919407.934
49178,2020-01-15,16:00:00,-64.67733,-54.856533,392326.3346,3919884.327
49152,2020-01-16,04:00:00,-64.6688,-54.8736,392919.0957,3917998.52
49138,2020-01-16,04:00:00,-64.673065,-54.861866,392614.266,3919297.522
49180,2020-01-16,04:00:00,-64.67947,-54.8608,392200.3566,3919406.288
49178,2020-01-16,04:00:00,-64.67733,-54.856533,392326.3346,3919884.327
49152,2020-01-16,16:00:00,-64.6688,-54.8736,392919.0957,3917998.52
49127,2020-01-16,16:00:00,-64.6592,-54.87253,393532.2145,3918132.204
49138,2020-01-16,16:00:00,-64.673065,-54.861866,392614.266,3919297.522
49180,2020-01-16,16:00:00,-64.67947,-54.859734,392197.5129,3919524.892
49178,2020-01-16,16:00:00,-64.67733,-54.856533,392326.3346,3919884.327
49152,2020-01-17,04:00:00,-64.66987,-54.8736,392850.4442,3917996.883
49127,2020-01-17,04:00:00,-64.6592,-54.87253,393532.2145,3918132.204
49138,2020-01-17,04:00:00,-64.673065,-54.861866,392614.266,3919297.522
49180,2020-01-17,04:00:00,-64.67947,-54.859734,392197.5129,3919524.892
49178,2020-01-17,04:00:00,-64.67733,-54.856533,392326.3346,3919884.327
49152,2020-01-17,16:00:00,-64.66987,-54.87253,392847.6056,3918115.932
49127,2020-01-17,16:00:00,-64.6592,-54.87253,393532.2145,3918132.204
49180,2020-01-17,16:00:00,-64.67947,-54.8608,392200.3566,3919406.288
49138,2020-01-17,16:00:00,-64.67413,-54.859734,392540.246,3919533.096
49178,2020-01-17,16:00:00,-64.67733,-54.856533,392326.3346,3919884.327
49152,2020-01-18,04:00:00,-64.66987,-54.8736,392850.4442,3917996.883
49127,2020-01-18,04:00:00,-64.6592,-54.87253,393532.2145,3918132.204
49138,2020-01-18,04:00:00,-64.673065,-54.861866,392614.266,3919297.522
49180,2020-01-18,04:00:00,-64.67947,-54.8608,392200.3566,3919406.288
49152,2020-01-18,16:00:00,-64.66987,-54.8736,392850.4442,3917996.883
49127,2020-01-18,16:00:00,-64.6592,-54.87253,393532.2145,3918132.204
49180,2020-01-18,16:00:00,-64.67947,-54.8608,392200.3566,3919406.288
49178,2020-01-18,16:00:00,-64.67733,-54.856533,392326.3346,3919884.327
49138,2020-01-18,16:00:00,-64.66987,-54.85227,392793.8658,3920370.071
49152,2020-01-19,04:00:00,-64.66987,-54.8736,392850.4442,3917996.883
49138,2020-01-19,04:00:00,-64.67413,-54.861866,392545.9155,3919295.889
49178,2020-01-19,04:00:00,-64.67733,-54.856533,392326.3346,3919884.327
49152,2020-01-19,16:00:00,-64.6688,-54.8736,392919.0957,3917998.52
49127,2020-01-19,16:00:00,-64.6592,-54.87253,393532.2145,3918132.204
49180,2020-01-19,16:00:00,-64.6816,-54.8608,392063.6522,3919403.009
49138,2020-01-19,16:00:00,-64.673065,-54.8608,392611.433,3919416.126
49178,2020-01-19,16:00:00,-64.67733,-54.8576,392329.1773,3919765.613
49152,2020-01-20,04:00:00,-64.6688,-54.8736,392919.0957,3917998.52
49138,2020-01-20,04:00:00,-64.673065,-54.861866,392614.266,3919297.522
49178,2020-01-20,04:00:00,-64.67733,-54.856533,392326.3346,3919884.327
49152,2020-01-20,16:00:00,-64.6688,-54.8736,392919.0957,3917998.52
49127,2020-01-20,16:00:00,-64.6592,-54.87253,393532.2145,3918132.204
49180,2020-01-20,16:00:00,-64.6816,-54.8608,392063.6522,3919403.009
49138,2020-01-20,16:00:00,-64.67627,-54.8608,392405.7343,3919411.208
49178,2020-01-20,16:00:00,-64.67733,-54.856533,392326.3346,3919884.327
49152,2020-01-21,04:00:00,-64.6688,-54.8736,392919.0957,3917998.52
49138,2020-01-21,04:00:00,-64.673065,-54.861866,392614.266,3919297.522
49180,2020-01-21,04:00:00,-64.6816,-54.859734,392060.8048,3919521.612
49178,2020-01-21,04:00:00,-64.67733,-54.856533,392326.3346,3919884.327
49152,2020-01-21,16:00:00,-64.6688,-54.8736,392919.0957,3917998.52
49127,2020-01-21,16:00:00,-64.66026,-54.87253,393464.2027,3918130.592
49138,2020-01-21,16:00:00,-64.673065,-54.8608,392611.433,3919416.126
49180,2020-01-21,16:00:00,-64.6816,-54.859734,392060.8048,3919521.612
49178,2020-01-21,16:00:00,-64.6784,-54.8576,392260.4987,3919763.967
49152,2020-01-22,04:00:00,-64.6688,-54.8736,392919.0957,3917998.52
49138,2020-01-22,04:00:00,-64.673065,-54.861866,392614.266,3919297.522
49178,2020-01-22,04:00:00,-64.6784,-54.856533,392257.6542,3919882.682
49152,2020-01-22,16:00:00,-64.66773,-54.8736,392987.7472,3918000.155
49127,2020-01-22,16:00:00,-64.66026,-54.8736,393467.0249,3918011.543
49138,2020-01-22,16:00:00,-64.673065,-54.8608,392611.433,3919416.126
49178,2020-01-22,16:00:00,-64.6784,-54.856533,392257.6542,3919882.682
49152,2020-01-23,04:00:00,-64.66773,-54.87467,392990.5821,3917881.106
49180,2020-01-23,04:00:00,-64.6816,-54.8608,392063.6522,3919403.009
49178,2020-01-23,04:00:00,-64.6784,-54.856533,392257.6542,3919882.682
49152,2020-01-23,16:00:00,-64.66773,-54.8736,392987.7472,3918000.155
49127,2020-01-23,16:00:00,-64.66026,-54.87253,393464.2027,3918130.592
49138,2020-01-23,16:00:00,-64.673065,-54.861866,392614.266,3919297.522
49180,2020-01-23,16:00:00,-64.6816,-54.859734,392060.8048,3919521.612
49178,2020-01-23,16:00:00,-64.6784,-54.856533,392257.6542,3919882.682
49138,2020-01-24,04:00:00,-64.673065,-54.861866,392614.266,3919297.522
49180,2020-01-24,04:00:00,-64.6816,-54.859734,392060.8048,3919521.612
49178,2020-01-24,04:00:00,-64.6784,-54.856533,392257.6542,3919882.682
49152,2020-01-24,16:00:00,-64.66773,-54.8736,392987.7472,3918000.155
49127,2020-01-24,16:00:00,-64.66026,-54.87253,393464.2027,3918130.592
49138,2020-01-24,16:00:00,-64.673065,-54.861866,392614.266,3919297.522
49180,2020-01-24,16:00:00,-64.6816,-54.8608,392063.6522,3919403.009
49178,2020-01-24,16:00:00,-64.6784,-54.856533,392257.6542,3919882.682
49152,2020-01-25,04:00:00,-64.66773,-54.8736,392987.7472,3918000.155
49178,2020-01-25,04:00:00,-64.6784,-54.856533,392257.6542,3919882.682
49152,2020-01-25,16:00:00,-64.66773,-54.87253,392984.9123,3918119.204
49127,2020-01-25,16:00:00,-64.66026,-54.87253,393464.2027,3918130.592
49138,2020-01-25,16:00:00,-64.672,-54.8608,392679.7853,3919417.758
49180,2020-01-25,16:00:00,-64.6816,-54.859734,392060.8048,3919521.612
49178,2020-01-25,16:00:00,-64.6784,-54.856533,392257.6542,3919882.682
49127,2020-01-26,04:00:00,-64.6592,-54.87253,393532.2145,3918132.204
49178,2020-01-26,04:00:00,-64.6784,-54.856533,392257.6542,3919882.682
49152,2020-01-26,16:00:00,-64.6688,-54.8736,392919.0957,3917998.52
49127,2020-01-26,16:00:00,-64.6592,-54.87253,393532.2145,3918132.204
49180,2020-01-26,16:00:00,-64.6816,-54.8608,392063.6522,3919403.009
49138,2020-01-26,16:00:00,-64.672,-54.8608,392679.7853,3919417.758
49178,2020-01-26,16:00:00,-64.67733,-54.8576,392329.1773,3919765.613
49127,2020-01-27,04:00:00,-64.6592,-54.87253,393532.2145,3918132.204
49138,2020-01-27,04:00:00,-64.672,-54.861866,392682.6165,3919299.154
49178,2020-01-27,04:00:00,-64.67733,-54.856533,392326.3346,3919884.327
49152,2020-01-27,16:00:00,-64.6688,-54.87253,392916.2589,3918117.569
49127,2020-01-27,16:00:00,-64.6592,-54.87253,393532.2145,3918132.204
49180,2020-01-27,16:00:00,-64.6816,-54.8608,392063.6522,3919403.009
49138,2020-01-27,16:00:00,-64.672,-54.8608,392679.7853,3919417.758
49178,2020-01-27,16:00:00,-64.67733,-54.8576,392329.1773,3919765.613
49152,2020-01-28,04:00:00,-64.66987,-54.8736,392850.4442,3917996.883
49138,2020-01-28,04:00:00,-64.673065,-54.862934,392617.1043,3919178.696
49178,2020-01-28,04:00:00,-64.67733,-54.856533,392326.3346,3919884.327
49152,2020-01-28,16:00:00,-64.66987,-54.87253,392847.6056,3918115.932
49138,2020-01-28,16:00:00,-64.673065,-54.861866,392614.266,3919297.522
49180,2020-01-28,16:00:00,-64.6816,-54.8608,392063.6522,3919403.009
49178,2020-01-28,16:00:00,-64.67733,-54.855465,392323.4893,3920003.153
49152,2020-01-29,04:00:00,-64.66987,-54.8736,392850.4442,3917996.883
49138,2020-01-29,04:00:00,-64.673065,-54.861866,392614.266,3919297.522
49178,2020-01-29,04:00:00,-64.67733,-54.856533,392326.3346,3919884.327
49152,2020-01-29,16:00:00,-64.66987,-54.87253,392847.6056,3918115.932
49127,2020-01-29,16:00:00,-64.66026,-54.87253,393464.2027,3918130.592
49138,2020-01-29,16:00:00,-64.6752,-54.861866,392477.2441,3919294.247
49180,2020-01-29,16:00:00,-64.6816,-54.859734,392060.8048,3919521.612
49178,2020-01-29,16:00:00,-64.67733,-54.8576,392329.1773,3919765.613
49127,2020-01-30,16:00:00,-64.66026,-54.87253,393464.2027,3918130.592
49152,2020-01-30,16:00:00,-64.67094,-54.869335,392770.4712,3918469.773
49138,2020-01-30,16:00:00,-64.6752,-54.862934,392480.086,3919175.421
49180,2020-01-30,16:00:00,-64.6816,-54.8608,392063.6522,3919403.009
49178,2020-01-30,16:00:00,-64.67733,-54.8576,392329.1773,3919765.613
49138,2020-01-31,04:00:00,-64.6752,-54.861866,392477.2441,3919294.247
49178,2020-01-31,04:00:00,-64.67733,-54.856533,392326.3346,3919884.327
49127,2020-01-31,16:00:00,-64.66026,-54.87253,393464.2027,3918130.592
49152,2020-01-31,16:00:00,-64.67094,-54.871468,392776.1332,3918232.454
49138,2020-01-31,16:00:00,-64.6752,-54.861866,392477.2441,3919294.247
49180,2020-01-31,16:00:00,-64.6816,-54.859734,392060.8048,3919521.612
49178,2020-01-31,16:00:00,-64.67733,-54.8544,392320.6521,3920121.645
49152,2020-02-01,04:00:00,-64.67094,-54.871468,392776.1332,3918232.454
49180,2020-02-01,04:00:00,-64.6816,-54.8608,392063.6522,3919403.009
49178,2020-02-01,04:00:00,-64.67733,-54.856533,392326.3346,3919884.327
49127,2020-02-01,16:00:00,-64.66026,-54.87253,393464.2027,3918130.592
49152,2020-02-01,16:00:00,-64.67094,-54.865067,392759.1424,3918944.633
49138,2020-02-01,16:00:00,-64.6752,-54.861866,392477.2441,3919294.247
49180,2020-02-01,16:00:00,-64.6816,-54.8608,392063.6522,3919403.009
49178,2020-02-01,16:00:00,-64.673065,-54.853333,392591.5901,3920246.907
49152,2020-02-02,04:00:00,-64.67094,-54.8672,392764.8041,3918707.314
49178,2020-02-02,04:00:00,-64.67733,-54.856533,392326.3346,3919884.327
49127,2020-02-02,16:00:00,-64.6592,-54.8736,393535.0349,3918013.154
49152,2020-02-02,16:00:00,-64.67094,-54.8704,392773.2982,3918351.28
49138,2020-02-02,16:00:00,-64.67733,-54.862934,392343.3887,3919172.15
49180,2020-02-02,16:00:00,-64.680534,-54.858665,392126.3695,3919642.191
49178,2020-02-02,16:00:00,-64.67733,-54.855465,392323.4893,3920003.153
49152,2020-02-03,04:00:00,-64.67094,-54.8672,392764.8041,3918707.314
49180,2020-02-03,04:00:00,-64.6816,-54.859734,392060.8048,3919521.612
49178,2020-02-03,04:00:00,-64.67733,-54.856533,392326.3346,3919884.327
49127,2020-02-03,16:00:00,-64.6592,-54.8736,393535.0349,3918013.154
49138,2020-02-03,16:00:00,-64.67733,-54.862934,392343.3887,3919172.15
49152,2020-02-03,16:00:00,-64.67413,-54.862934,392548.7556,3919177.063
49178,2020-02-03,16:00:00,-64.673065,-54.853333,392591.5901,3920246.907
49180,2020-02-03,16:00:00,-64.666664,-54.850132,392994.013,3920612.847
49138,2020-02-04,04:00:00,-64.67627,-54.861866,392408.5727,3919292.604
49178,2020-02-04,04:00:00,-64.67733,-54.856533,392326.3346,3919884.327
49127,2020-02-04,16:00:00,-64.658134,-54.8736,393603.4299,3918014.774
49138,2020-02-04,16:00:00,-64.67947,-54.862934,392206.0496,3919168.859
49180,2020-02-04,16:00:00,-64.67947,-54.8608,392200.3566,3919406.288
49152,2020-02-04,16:00:00,-64.680534,-54.8576,392123.5267,3919760.683
49178,2020-02-04,16:00:00,-64.67627,-54.853333,392385.8534,3920241.989
49138,2020-02-05,04:00:00,-64.6784,-54.861866,392271.8718,3919289.331
49178,2020-02-05,04:00:00,-64.67733,-54.856533,392326.3346,3919884.327
49127,2020-02-05,16:00:00,-64.658134,-54.8736,393603.4299,3918014.774
49152,2020-02-05,16:00:00,-64.67947,-54.861866,392203.2004,3919287.685
49138,2020-02-05,16:00:00,-64.6784,-54.861866,392271.8718,3919289.331
49178,2020-02-05,16:00:00,-64.6784,-54.859734,392266.1878,3919526.538
49180,2020-02-05,16:00:00,-64.6816,-54.858665,392057.9495,3919640.549
49152,2020-02-06,04:00:00,-64.673065,-54.8672,392628.4419,3918704.059
49138,2020-02-06,04:00:00,-64.6784,-54.861866,392271.8718,3919289.331
49180,2020-02-06,04:00:00,-64.6816,-54.859734,392060.8048,3919521.612
49178,2020-02-06,04:00:00,-64.67733,-54.856533,392326.3346,3919884.327
49127,2020-02-06,16:00:00,-64.658134,-54.8736,393603.4299,3918014.774
49180,2020-02-06,16:00:00,-64.6752,-54.866135,392488.604,3918819.276
49138,2020-02-06,16:00:00,-64.6816,-54.8608,392063.6522,3919403.009
49178,2020-02-06,16:00:00,-64.67947,-54.856533,392188.9738,3919881.036
49152,2020-02-06,16:00:00,-64.673065,-54.855465,392597.2556,3920009.7
49178,2020-02-07,04:00:00,-64.67947,-54.856533,392188.9738,3919881.036
49127,2020-02-07,16:00:00,-64.65387,-54.87467,393879.8214,3917902.194
49180,2020-02-07,16:00:00,-64.67947,-54.8576,392191.8201,3919762.321
49178,2020-02-07,16:00:00,-64.658134,-54.85227,393547.2493,3920387.967
49152,2020-02-07,16:00:00,-64.65707,-54.85227,393615.552,3920389.583
49138,2020-02-08,04:00:00,-64.6752,-54.861866,392477.2441,3919294.247
49178,2020-02-08,04:00:00,-64.67094,-54.85227,392725.178,3920368.433
49180,2020-02-08,16:00:00,-64.658134,-54.875732,393609.0462,3917777.566
49127,2020-02-08,16:00:00,-64.66026,-54.8736,393467.0249,3918011.543
49152,2020-02-08,16:00:00,-64.66987,-54.864,392824.9781,3919064.986
49138,2020-02-08,16:00:00,-64.67627,-54.862934,392411.4164,3919173.778
49178,2020-02-08,16:00:00,-64.66133,-54.85227,393342.0844,3920383.106
49178,2020-02-09,04:00:00,-64.65493,-54.878933,393823.0216,3917426.281
49127,2020-02-09,04:00:00,-64.6592,-54.87253,393532.2145,3918132.204
49152,2020-02-09,04:00:00,-64.67094,-54.864,392756.3102,3919063.348
49138,2020-02-09,04:00:00,-64.6752,-54.861866,392477.2441,3919294.247
49180,2020-02-09,04:00:00,-64.6816,-54.859734,392060.8048,3919521.612
49178,2020-02-09,16:00:00,-64.65493,-54.882133,393831.4355,3917070.246
49127,2020-02-09,16:00:00,-64.6592,-54.8736,393535.0349,3918013.154
49138,2020-02-09,16:00:00,-64.67413,-54.865067,392554.4279,3918939.744
49180,2020-02-09,16:00:00,-64.66987,-54.864,392824.9781,3919064.986
49152,2020-02-09,16:00:00,-64.6272,-54.8576,395546.8161,3919841.509
49127,2020-02-10,04:00:00,-64.6592,-54.87253,393532.2145,3918132.204
49138,2020-02-10,04:00:00,-64.6752,-54.861866,392477.2441,3919294.247
49180,2020-02-10,04:00:00,-64.67947,-54.859734,392197.5129,3919524.892
49178,2020-02-10,04:00:00,-64.6816,-54.856533,392052.2549,3919877.756
49127,2020-02-10,16:00:00,-64.658134,-54.877865,393614.6652,3917540.246
49152,2020-02-10,16:00:00,-64.66773,-54.866135,392967.9698,3918830.716
49180,2020-02-10,16:00:00,-64.6784,-54.861866,392271.8718,3919289.331
49138,2020-02-10,16:00:00,-64.67413,-54.861866,392545.9155,3919295.889
49178,2020-02-10,16:00:00,-64.67413,-54.853333,392523.2252,3920245.274
49127,2020-02-11,04:00:00,-64.6592,-54.87253,393532.2145,3918132.204
49152,2020-02-11,04:00:00,-64.6688,-54.862934,392890.8201,3919185.226
49138,2020-02-11,04:00:00,-64.67413,-54.861866,392545.9155,3919295.889
49180,2020-02-11,04:00:00,-64.67947,-54.859734,392197.5129,3919524.892
49178,2020-02-11,04:00:00,-64.67733,-54.856533,392326.3346,3919884.327
49127,2020-02-11,16:00:00,-64.6592,-54.8736,393535.0349,3918013.154
49152,2020-02-11,16:00:00,-64.6816,-54.8608,392063.6522,3919403.009
49138,2020-02-11,16:00:00,-64.67413,-54.8608,392543.0807,3919414.493
49180,2020-02-11,16:00:00,-64.67947,-54.859734,392197.5129,3919524.892
49178,2020-02-11,16:00:00,-64.6784,-54.858665,392263.3379,3919645.475
49127,2020-02-12,04:00:00,-64.6592,-54.87253,393532.2145,3918132.204
49138,2020-02-12,04:00:00,-64.67413,-54.861866,392545.9155,3919295.889
49178,2020-02-12,04:00:00,-64.6688,-54.8544,392868.1991,3920134.723
49180,2020-02-12,16:00:00,-64.650665,-54.896,394141.3933,3915533.842
49178,2020-02-12,16:00:00,-64.65387,-54.877865,393888.2164,3917546.715
49152,2020-02-12,16:00:00,-64.658134,-54.875732,393609.0462,3917777.566
49127,2020-02-12,16:00:00,-64.658134,-54.8736,393603.4299,3918014.774
49138,2020-02-12,16:00:00,-64.680534,-54.859734,392129.223,3919523.254
49152,2020-02-13,04:00:00,-64.66987,-54.8736,392850.4442,3917996.883
49127,2020-02-13,04:00:00,-64.66026,-54.87253,393464.2027,3918130.592
49178,2020-02-13,04:00:00,-64.6688,-54.85227,392862.5535,3920371.708
49127,2020-02-13,16:00:00,-64.6592,-54.8736,393535.0349,3918013.154
49152,2020-02-13,16:00:00,-64.67947,-54.8608,392200.3566,3919406.288
49138,2020-02-13,16:00:00,-64.680534,-54.859734,392129.223,3919523.254
49180,2020-02-13,16:00:00,-64.680534,-54.858665,392126.3695,3919642.191
49178,2020-02-13,16:00:00,-64.673065,-54.856533,392600.0936,3919890.874
49127,2020-02-14,04:00:00,-64.66026,-54.87253,393464.2027,3918130.592
49138,2020-02-14,04:00:00,-64.67627,-54.861866,392408.5727,3919292.604
49180,2020-02-14,04:00:00,-64.680534,-54.8608,392132.0686,3919404.651
49152,2020-02-14,04:00:00,-64.67947,-54.859734,392197.5129,3919524.892
49178,2020-02-14,04:00:00,-64.6688,-54.85227,392862.5535,3920371.708
49127,2020-02-14,16:00:00,-64.66133,-54.87253,393395.5493,3918128.964
49180,2020-02-14,16:00:00,-64.680534,-54.859734,392129.223,3919523.254
49138,2020-02-14,16:00:00,-64.680534,-54.8576,392123.5267,3919760.683
49178,2020-02-14,16:00:00,-64.67094,-54.85227,392725.178,3920368.433
49127,2020-02-15,04:00:00,-64.66026,-54.87253,393464.2027,3918130.592
49180,2020-02-15,04:00:00,-64.680534,-54.8608,392132.0686,3919404.651
49127,2020-02-15,16:00:00,-64.65387,-54.88,393893.8263,3917309.172
49152,2020-02-15,16:00:00,-64.6816,-54.8608,392063.6522,3919403.009
49178,2020-02-15,16:00:00,-64.67733,-54.855465,392323.4893,3920003.153
49180,2020-02-15,16:00:00,-64.65387,-54.84693,393806.9475,3920988.569
49127,2020-02-16,04:00:00,-64.66026,-54.87253,393464.2027,3918130.592
49180,2020-02-16,04:00:00,-64.680534,-54.861866,392134.9142,3919286.047
49138,2020-02-16,04:00:00,-64.67947,-54.861866,392203.2004,3919287.685
49127,2020-02-16,16:00:00,-64.66133,-54.87253,393395.5493,3918128.964
49152,2020-02-16,16:00:00,-64.6816,-54.8608,392063.6522,3919403.009
49178,2020-02-16,16:00:00,-64.67733,-54.8608,392337.7029,3919409.579
49138,2020-02-16,16:00:00,-64.68266,-54.859734,391992.7717,3919519.978
49180,2020-02-16,16:00:00,-64.67947,-54.859734,392197.5129,3919524.892
49127,2020-02-17,04:00:00,-64.6592,-54.87253,393532.2145,3918132.204
49152,2020-02-17,04:00:00,-64.673065,-54.866135,392625.6114,3918822.551
49138,2020-02-17,04:00:00,-64.67627,-54.861866,392408.5727,3919292.604
49178,2020-02-17,04:00:00,-64.6688,-54.853333,392865.371,3920253.438
49152,2020-02-17,16:00:00,-64.673065,-54.8672,392628.4419,3918704.059
49127,2020-02-17,16:00:00,-64.6688,-54.864,392893.6459,3919066.622
49138,2020-02-17,16:00:00,-64.68266,-54.858665,391989.9146,3919638.915
49178,2020-02-17,16:00:00,-64.6784,-54.8576,392260.4987,3919763.967
49180,2020-02-17,16:00:00,-64.67947,-54.855465,392186.1249,3919999.862
49127,2020-02-18,04:00:00,-64.6592,-54.87253,393532.2145,3918132.204
49152,2020-02-18,04:00:00,-64.673065,-54.866135,392625.6114,3918822.551
49138,2020-02-18,04:00:00,-64.67627,-54.861866,392408.5727,3919292.604
49178,2020-02-18,04:00:00,-64.66987,-54.85227,392793.8658,3920370.071
49152,2020-02-18,16:00:00,-64.664536,-54.8704,393184.2133,3918361.065
49127,2020-02-18,16:00:00,-64.67094,-54.864,392756.3102,3919063.348
49138,2020-02-18,16:00:00,-64.680534,-54.858665,392126.3695,3919642.191
49178,2020-02-18,16:00:00,-64.73067,-54.845867,388873.2813,3920987.731
49180,2020-02-18,16:00:00,-64.66987,-54.842667,392768.3985,3921438.503
49138,2020-02-19,04:00:00,-64.67627,-54.861866,392408.5727,3919292.604
49178,2020-02-19,04:00:00,-64.67094,-54.853333,392727.9991,3920250.163
49127,2020-02-19,16:00:00,-64.658134,-54.875732,393609.0462,3917777.566
49152,2020-02-19,16:00:00,-64.673065,-54.866135,392625.6114,3918822.551
49138,2020-02-19,16:00:00,-64.6752,-54.865067,392485.762,3918938.103
49180,2020-02-19,16:00:00,-64.680534,-54.8608,392132.0686,3919404.651
49178,2020-02-19,16:00:00,-64.67094,-54.853333,392727.9991,3920250.163
49138,2020-02-20,04:00:00,-64.67627,-54.861866,392408.5727,3919292.604
49178,2020-02-20,04:00:00,-64.67094,-54.853333,392727.9991,3920250.163
49180,2020-02-20,16:00:00,-64.6432,-54.910934,394659.0855,3913883.519
49178,2020-02-20,16:00:00,-64.67733,-54.862934,392343.3887,3919172.15
49138,2020-02-20,16:00:00,-64.67627,-54.862934,392411.4164,3919173.778
49138,2020-02-21,04:00:00,-64.67627,-54.861866,392408.5727,3919292.604
49180,2020-02-21,04:00:00,-64.680534,-54.8608,392132.0686,3919404.651
49178,2020-02-21,16:00:00,-64.664536,-54.87467,393195.5048,3917885.981
49152,2020-02-21,16:00:00,-64.66347,-54.8736,393261.0702,3918006.655
49127,2020-02-21,16:00:00,-64.67947,-54.859734,392197.5129,3919524.892
49138,2020-02-21,16:00:00,-64.680534,-54.8576,392123.5267,3919760.683
49180,2020-02-21,16:00:00,-64.65707,-54.84693,393601.4985,3920983.714
49152,2020-02-22,04:00:00,-64.673065,-54.866135,392625.6114,3918822.551
49138,2020-02-22,04:00:00,-64.67627,-54.861866,392408.5727,3919292.604
49180,2020-02-22,04:00:00,-64.680534,-54.8608,392132.0686,3919404.651
49127,2020-02-22,16:00:00,-64.65387,-54.8928,393927.4631,3915885.028
49152,2020-02-22,16:00:00,-64.67947,-54.8608,392200.3566,3919406.288
49138,2020-02-22,16:00:00,-64.67627,-54.8544,392388.6942,3920123.274
49180,2020-02-22,16:00:00,-64.66773,-54.850132,392925.5783,3920611.218
49138,2020-02-23,04:00:00,-64.6752,-54.861866,392477.2441,3919294.247
49178,2020-02-23,04:00:00,-64.66987,-54.853333,392796.6851,3920251.801
49127,2020-02-23,16:00:00,-64.66133,-54.87467,393401.1974,3917890.865
49180,2020-02-23,16:00:00,-64.66987,-54.856533,392805.1723,3919895.768
49178,2020-02-23,16:00:00,-64.69013,-54.8448,391473.243,3921169.992
49152,2020-02-23,16:00:00,-64.73814,-54.82453,388334.7891,3923349.785
49138,2020-02-24,04:00:00,-64.67947,-54.861866,392203.2004,3919287.685
49178,2020-02-24,04:00:00,-64.672,-54.85227,392657.1322,3920366.809
49127,2020-02-24,16:00:00,-64.67094,-54.865067,392759.1424,3918944.633
49180,2020-02-24,16:00:00,-64.67627,-54.862934,392411.4164,3919173.778
49152,2020-02-24,16:00:00,-64.68266,-54.8608,391995.6209,3919401.375
49138,2020-02-24,16:00:00,-64.73493,-54.8544,388623.2862,3920031.592
49178,2020-02-24,16:00:00,-64.6752,-54.8544,392457.3783,3920124.917
49127,2020-02-25,04:00:00,-64.6592,-54.871468,393529.4152,3918250.363
49138,2020-02-25,04:00:00,-64.6752,-54.861866,392477.2441,3919294.247
49180,2020-02-25,04:00:00,-64.67733,-54.8608,392337.7029,3919409.579
49178,2020-02-25,04:00:00,-64.67094,-54.853333,392727.9991,3920250.163
49127,2020-02-25,16:00:00,-64.6496,-54.88,394167.7481,3917315.633
49152,2020-02-25,16:00:00,-64.673065,-54.8672,392628.4419,3918704.059
49180,2020-02-25,16:00:00,-64.67733,-54.861866,392340.5431,3919290.976
49138,2020-02-25,16:00:00,-64.67413,-54.8608,392543.0807,3919414.493
49178,2020-02-25,16:00:00,-64.6752,-54.8544,392457.3783,3920124.917
49127,2020-02-26,04:00:00,-64.673065,-54.865067,392622.773,3918941.378
49180,2020-02-26,04:00:00,-64.67733,-54.8608,392337.7029,3919409.579
49178,2020-02-26,04:00:00,-64.67094,-54.85227,392725.178,3920368.433
49127,2020-02-26,16:00:00,-64.66026,-54.87253,393464.2027,3918130.592
49152,2020-02-26,16:00:00,-64.6688,-54.8704,392910.6121,3918354.554
49138,2020-02-26,16:00:00,-64.680534,-54.858665,392126.3695,3919642.191
49178,2020-02-26,16:00:00,-64.67094,-54.848,392713.8463,3920843.515
49152,2020-02-27,04:00:00,-64.6752,-54.866135,392488.604,3918819.276
49138,2020-02-27,04:00:00,-64.67627,-54.861866,392408.5727,3919292.604
49178,2020-02-27,04:00:00,-64.67094,-54.853333,392727.9991,3920250.163
49178,2020-02-27,16:00:00,-64.672,-54.8704,392705.2829,3918349.657
49152,2020-02-27,16:00:00,-64.67094,-54.868267,392767.6363,3918588.599
49138,2020-02-27,16:00:00,-64.67733,-54.862934,392343.3887,3919172.15
49152,2020-02-28,04:00:00,-64.672,-54.866135,392693.9547,3918824.183
49138,2020-02-28,04:00:00,-64.67627,-54.861866,392408.5727,3919292.604
49180,2020-02-28,04:00:00,-64.6816,-54.859734,392060.8048,3919521.612
49178,2020-02-28,04:00:00,-64.672,-54.85227,392657.1322,3920366.809
49138,2020-02-28,16:00:00,-64.6496,-54.8928,394201.298,3915891.488
49127,2020-02-28,16:00:00,-64.64854,-54.882133,394241.3343,3917079.914
49178,2020-02-28,16:00:00,-64.65707,-54.875732,393677.3092,3917779.182
49152,2020-02-28,16:00:00,-64.67094,-54.8672,392764.8041,3918707.314
49152,2020-02-29,04:00:00,-64.67094,-54.871468,392776.1332,3918232.454
49138,2020-02-29,04:00:00,-64.67627,-54.861866,392408.5727,3919292.604
49178,2020-02-29,04:00:00,-64.666664,-54.85227,392999.6723,3920374.972
49127,2020-02-29,16:00:00,-64.6752,-54.856533,392463.0536,3919887.599
49138,2020-02-29,16:00:00,-64.673065,-54.856533,392600.0936,3919890.874
49178,2020-02-29,16:00:00,-64.666664,-54.855465,393008.1299,3920019.495
49152,2020-02-29,16:00:00,-64.69227,-54.8064,391232.6668,3925439.039
49180,2020-02-29,16:00:00,-64.6912,-54.8064,391301.4322,3925440.699
49127,2020-03-01,04:00:00,-64.67094,-54.864,392756.3102,3919063.348
49138,2020-03-01,04:00:00,-64.67627,-54.861866,392408.5727,3919292.604
49180,2020-03-01,04:00:00,-64.6816,-54.859734,392060.8048,3919521.612
49178,2020-03-01,04:00:00,-64.66773,-54.85227,392931.2413,3920373.343
49152,2020-03-01,04:00:00,-64.72747,-54.817066,388999.7327,3924197.169
49127,2020-03-01,16:00:00,-64.67094,-54.865067,392759.1424,3918944.633
49180,2020-03-01,16:00:00,-64.6816,-54.8608,392063.6522,3919403.009
49138,2020-03-01,16:00:00,-64.68266,-54.858665,391989.9146,3919638.915
49178,2020-03-01,16:00:00,-64.6688,-54.855465,392871.022,3920016.231
49127,2020-03-02,04:00:00,-64.67094,-54.864,392756.3102,3919063.348
49138,2020-03-02,04:00:00,-64.67413,-54.862934,392548.7556,3919177.063
49180,2020-03-02,04:00:00,-64.6816,-54.8608,392063.6522,3919403.009
49178,2020-03-02,04:00:00,-64.66987,-54.853333,392796.6851,3920251.801
49127,2020-03-02,16:00:00,-64.664536,-54.87253,393189.8457,3918124.079
49152,2020-03-02,16:00:00,-64.673065,-54.8672,392628.4419,3918704.059
49138,2020-03-02,16:00:00,-64.673065,-54.8608,392611.433,3919416.126
49180,2020-03-02,16:00:00,-64.6816,-54.859734,392060.8048,3919521.612
49178,2020-03-02,16:00:00,-64.6784,-54.858665,392263.3379,3919645.475
49127,2020-03-03,04:00:00,-64.673065,-54.865067,392622.773,3918941.378
49138,2020-03-03,04:00:00,-64.67413,-54.861866,392545.9155,3919295.889
49178,2020-03-03,04:00:00,-64.66987,-54.853333,392796.6851,3920251.801
49127,2020-03-03,16:00:00,-64.6688,-54.864,392893.6459,3919066.622
49138,2020-03-03,16:00:00,-64.6752,-54.862934,392480.086,3919175.421
49180,2020-03-03,16:00:00,-64.6816,-54.861866,392066.4996,3919284.405
49178,2020-03-03,16:00:00,-64.6688,-54.845867,392845.5832,3921084.108
49152,2020-03-03,16:00:00,-64.65493,-54.781868,393567.9616,3928225.761
49127,2020-03-04,04:00:00,-64.66987,-54.864,392824.9781,3919064.986
49138,2020-03-04,04:00:00,-64.67413,-54.861866,392545.9155,3919295.889
49178,2020-03-04,04:00:00,-64.66987,-54.853333,392796.6851,3920251.801
49138,2020-03-04,16:00:00,-64.6368,-54.903465,395049.9036,3914724.146
49152,2020-03-04,16:00:00,-64.672,-54.865067,392691.1181,3918943.01
49127,2020-03-04,16:00:00,-64.6688,-54.864,392893.6459,3919066.622
49178,2020-03-04,16:00:00,-64.66987,-54.84693,392779.7036,3920964.201
49180,2020-03-04,16:00:00,-64.62614,-54.842667,395576.2869,3921504.552
49138,2020-03-05,04:00:00,-64.6496,-54.88,394167.7481,3917315.633
49152,2020-03-05,04:00:00,-64.673065,-54.866135,392625.6114,3918822.551
49127,2020-03-05,04:00:00,-64.672,-54.865067,392691.1181,3918943.01
49178,2020-03-05,04:00:00,-64.66987,-54.85227,392793.8658,3920370.071
49127,2020-03-05,16:00:00,-64.67094,-54.866135,392761.9772,3918825.807
49178,2020-03-05,16:00:00,-64.66987,-54.866135,392830.6414,3918827.444
49152,2020-03-05,16:00:00,-64.672,-54.865067,392691.1181,3918943.01
49138,2020-03-05,16:00:00,-64.67947,-54.861866,392203.2004,3919287.685
49180,2020-03-05,16:00:00,-64.6752,-54.8608,392474.4075,3919412.851
49152,2020-03-06,04:00:00,-64.673065,-54.866135,392625.6114,3918822.551
49127,2020-03-06,04:00:00,-64.672,-54.865067,392691.1181,3918943.01
49138,2020-03-06,04:00:00,-64.6752,-54.861866,392477.2441,3919294.247
49180,2020-03-06,04:00:00,-64.6784,-54.8608,392269.0298,3919407.934
49178,2020-03-06,04:00:00,-64.66987,-54.853333,392796.6851,3920251.801
49152,2020-03-06,16:00:00,-64.673065,-54.866135,392625.6114,3918822.551
49138,2020-03-06,16:00:00,-64.67094,-54.864,392756.3102,3919063.348
49178,2020-03-06,16:00:00,-64.65707,-54.821335,393534.1517,3923831.422
49180,2020-03-06,16:00:00,-64.70506,-54.7968,390384.7145,3926487.204
49138,2020-03-07,04:00:00,-64.6752,-54.861866,392477.2441,3919294.247
49127,2020-03-07,16:00:00,-64.666664,-54.868267,393042.0219,3918595.137
49152,2020-03-07,16:00:00,-64.672,-54.8672,392696.7834,3918705.691
49138,2020-03-07,16:00:00,-64.67413,-54.864,392551.5904,3919058.459
49178,2020-03-07,16:00:00,-64.66987,-54.8512,392791.028,3920489.119
49152,2020-03-08,04:00:00,-64.673065,-54.8672,392628.4419,3918704.059
49127,2020-03-08,04:00:00,-64.66987,-54.864,392824.9781,3919064.986
49138,2020-03-08,04:00:00,-64.6752,-54.861866,392477.2441,3919294.247
49180,2020-03-08,04:00:00,-64.680534,-54.8608,392132.0686,3919404.651
49178,2020-03-08,04:00:00,-64.66987,-54.853333,392796.6851,3920251.801
49152,2020-03-08,16:00:00,-64.672,-54.864,392688.2842,3919061.725
49138,2020-03-08,16:00:00,-64.6752,-54.861866,392477.2441,3919294.247
49178,2020-03-08,16:00:00,-64.67947,-54.859734,392197.5129,3919524.892
49152,2020-03-09,04:00:00,-64.673065,-54.8672,392628.4419,3918704.059
49178,2020-03-09,04:00:00,-64.66987,-54.853333,392796.6851,3920251.801
49152,2020-03-09,16:00:00,-64.65493,-54.8928,393859.4854,3915883.422
49138,2020-03-09,16:00:00,-64.673065,-54.87253,392642.6081,3918111.04
49180,2020-03-09,16:00:00,-64.680534,-54.8608,392132.0686,3919404.651
49178,2020-03-09,16:00:00,-64.6912,-54.805332,391298.5652,3925559.524
49127,2020-03-09,16:00:00,-64.69973,-54.80213,390741.7165,3925902.514
49152,2020-03-10,04:00:00,-64.673065,-54.8672,392628.4419,3918704.059
49127,2020-03-10,04:00:00,-64.67094,-54.865067,392759.1424,3918944.633
49138,2020-03-10,04:00:00,-64.67413,-54.861866,392545.9155,3919295.889
49127,2020-03-10,16:00:00,-64.67094,-54.866135,392761.9772,3918825.807
49180,2020-03-10,16:00:00,-64.680534,-54.8608,392132.0686,3919404.651
49138,2020-03-10,16:00:00,-64.6624,-54.8576,393287.4698,3919788.457
49178,2020-03-10,16:00:00,-64.673065,-54.855465,392597.2556,3920009.7
49152,2020-03-10,16:00:00,-64.69973,-54.8032,390744.6033,3925783.467
49127,2020-03-11,04:00:00,-64.66987,-54.864,392824.9781,3919064.986
49138,2020-03-11,04:00:00,-64.672,-54.861866,392682.6165,3919299.154
49178,2020-03-11,04:00:00,-64.672,-54.853333,392659.9551,3920248.54
49152,2020-03-11,04:00:00,-64.7008,-54.8032,390675.8325,3925781.799
49138,2020-03-11,16:00:00,-64.6592,-54.8736,393535.0349,3918013.154
49152,2020-03-11,16:00:00,-64.67413,-54.866135,392557.2681,3918820.918
49127,2020-03-11,16:00:00,-64.673065,-54.866135,392625.6114,3918822.551
49180,2020-03-11,16:00:00,-64.67947,-54.855465,392186.1249,3919999.862
49178,2020-03-11,16:00:00,-64.673065,-54.8544,392594.4255,3920128.193
49138,2020-03-12,04:00:00,-64.672,-54.861866,392682.6165,3919299.154
49127,2020-03-12,04:00:00,-64.68266,-54.859734,391992.7717,3919519.978
49127,2020-03-12,16:00:00,-64.65707,-54.875732,393677.3092,3917779.182
49180,2020-03-12,16:00:00,-64.680534,-54.8608,392132.0686,3919404.651
49138,2020-03-12,16:00:00,-64.67627,-54.858665,392400.0497,3919648.749
49178,2020-03-12,16:00:00,-64.67413,-54.8576,392534.5714,3919770.526
49152,2020-03-12,16:00:00,-64.67094,-54.8544,392730.8309,3920131.448
49127,2020-03-13,04:00:00,-64.658134,-54.87253,393600.6113,3918133.823
49152,2020-03-13,04:00:00,-64.6752,-54.865067,392485.762,3918938.103
49138,2020-03-13,04:00:00,-64.672,-54.861866,392682.6165,3919299.154
49180,2020-03-13,04:00:00,-64.680534,-54.859734,392129.223,3919523.254
49152,2020-03-13,16:00:00,-64.6752,-54.866135,392488.604,3918819.276
49127,2020-03-13,16:00:00,-64.67094,-54.865067,392759.1424,3918944.633
49138,2020-03-13,16:00:00,-64.6816,-54.861866,392066.4996,3919284.405
49178,2020-03-13,16:00:00,-64.66987,-54.855465,392802.3396,3920014.594
49180,2020-03-13,16:00:00,-64.67094,-54.85227,392725.178,3920368.433
49127,2020-03-14,04:00:00,-64.67094,-54.865067,392759.1424,3918944.633
49138,2020-03-14,04:00:00,-64.6752,-54.861866,392477.2441,3919294.247
49178,2020-03-14,04:00:00,-64.666664,-54.8512,392996.84,3920494.021
49138,2020-03-14,16:00:00,-64.6752,-54.861866,392477.2441,3919294.247
49127,2020-03-14,16:00:00,-64.67413,-54.861866,392545.9155,3919295.889
49180,2020-03-14,16:00:00,-64.67947,-54.8608,392200.3566,3919406.288
49152,2020-03-14,16:00:00,-64.69334,-54.78507,391106.5755,3927810.532
49178,2020-03-14,16:00:00,-64.3456,-54.727467,413344.1468,3934704.278
49127,2020-03-15,04:00:00,-64.66987,-54.864,392824.9781,3919064.986
49138,2020-03-15,04:00:00,-64.6752,-54.861866,392477.2441,3919294.247
49152,2020-03-15,04:00:00,-64.66347,-54.850132,393199.0601,3920617.72
49127,2020-03-15,16:00:00,-64.67413,-54.865067,392554.4279,3918939.744
49138,2020-03-15,16:00:00,-64.6752,-54.861866,392477.2441,3919294.247
49178,2020-03-15,16:00:00,-64.673065,-54.861866,392614.266,3919297.522
49180,2020-03-15,16:00:00,-64.67947,-54.859734,392197.5129,3919524.892
49127,2020-03-16,04:00:00,-64.67413,-54.866135,392557.2681,3918820.918
49138,2020-03-16,04:00:00,-64.6752,-54.861866,392477.2441,3919294.247
49178,2020-03-16,04:00:00,-64.664536,-54.8512,393133.4489,3920497.269
49178,2020-03-16,16:00:00,-64.67094,-54.8544,392730.8309,3920131.448
49127,2020-03-17,04:00:00,-64.67413,-54.865067,392554.4279,3918939.744
49138,2020-03-17,04:00:00,-64.6752,-54.861866,392477.2441,3919294.247
49178,2020-03-17,04:00:00,-64.664536,-54.8512,393133.4489,3920497.269
49152,2020-03-17,16:00:00,-64.673065,-54.866135,392625.6114,3918822.551
49127,2020-03-17,16:00:00,-64.673065,-54.866135,392625.6114,3918822.551
49138,2020-03-17,16:00:00,-64.67627,-54.859734,392402.896,3919529.812
49178,2020-03-17,16:00:00,-64.66987,-54.8544,392799.515,3920133.086
49180,2020-03-17,16:00:00,-64.66347,-54.853333,393207.5171,3920261.576
49127,2020-03-18,04:00:00,-64.673065,-54.866135,392625.6114,3918822.551
49138,2020-03-18,04:00:00,-64.67627,-54.861866,392408.5727,3919292.604
49178,2020-03-18,04:00:00,-64.66987,-54.8512,392791.028,3920489.119
49152,2020-03-18,16:00:00,-64.66987,-54.8672,392833.4664,3918708.952
49127,2020-03-18,16:00:00,-64.673065,-54.865067,392622.773,3918941.378
49138,2020-03-18,16:00:00,-64.67627,-54.861866,392408.5727,3919292.604
49178,2020-03-18,16:00:00,-64.67413,-54.8544,392526.0624,3920126.559
49127,2020-03-19,04:00:00,-64.673065,-54.865067,392622.773,3918941.378
49138,2020-03-19,04:00:00,-64.6752,-54.8608,392474.4075,3919412.851
49178,2020-03-19,04:00:00,-64.664536,-54.85227,393136.2776,3920378.22
49152,2020-03-19,16:00:00,-64.67094,-54.866135,392761.9772,3918825.807
49138,2020-03-19,16:00:00,-64.67627,-54.862934,392411.4164,3919173.778
49180,2020-03-19,16:00:00,-64.67627,-54.862934,392411.4164,3919173.778
49127,2020-03-19,16:00:00,-63.922134,-54.794666,440712.4439,3927667.709
49152,2020-03-20,16:00:00,-64.66987,-54.869335,392839.1299,3918471.41
49138,2020-03-20,16:00:00,-64.67627,-54.862934,392411.4164,3919173.778
49180,2020-03-20,16:00:00,-64.67947,-54.861866,392203.2004,3919287.685
49178,2020-03-20,16:00:00,-64.67413,-54.8544,392526.0624,3920126.559
49127,2020-03-20,16:00:00,-64.1824,-54.746666,423889.6015,3932757.392
49180,2020-03-21,04:00:00,-64.67947,-54.859734,392197.5129,3919524.892
49178,2020-03-21,04:00:00,-64.66987,-54.853333,392796.6851,3920251.801
49127,2020-03-21,16:00:00,-64.67094,-54.8672,392764.8041,3918707.314
49138,2020-03-21,16:00:00,-64.67413,-54.861866,392545.9155,3919295.889
49180,2020-03-21,16:00:00,-64.67947,-54.8576,392191.8201,3919762.321
49178,2020-03-21,16:00:00,-64.672,-54.85227,392657.1322,3920366.809
49127,2020-03-22,04:00:00,-64.672,-54.866135,392693.9547,3918824.183
49138,2020-03-22,04:00:00,-64.67413,-54.861866,392545.9155,3919295.889
49178,2020-03-22,04:00:00,-64.672,-54.853333,392659.9551,3920248.54
49127,2020-03-22,16:00:00,-64.673065,-54.868267,392631.2777,3918585.344
49138,2020-03-22,16:00:00,-64.67413,-54.861866,392545.9155,3919295.889
49178,2020-03-22,16:00:00,-64.67627,-54.855465,392391.5297,3920004.782
49180,2020-03-22,16:00:00,-64.656,-54.84693,393670.1955,3920985.339
49152,2020-03-22,16:00:00,-64.69867,-54.804268,390815.611,3925666.294
49138,2020-03-23,04:00:00,-64.67413,-54.861866,392545.9155,3919295.889
49180,2020-03-23,04:00:00,-64.67947,-54.859734,392197.5129,3919524.892
49178,2020-03-23,04:00:00,-64.66987,-54.853333,392796.6851,3920251.801
49152,2020-03-23,16:00:00,-64.673065,-54.868267,392631.2777,3918585.344
49127,2020-03-23,16:00:00,-64.6688,-54.864,392893.6459,3919066.622
49138,2020-03-23,16:00:00,-64.66987,-54.859734,392813.6625,3919539.623
49178,2020-03-23,16:00:00,-64.673065,-54.8576,392602.9291,3919772.159
49180,2020-03-23,16:00:00,-64.69013,-54.7872,391318.6935,3927578.531
49152,2020-03-24,04:00:00,-64.673065,-54.866135,392625.6114,3918822.551
49138,2020-03-24,04:00:00,-64.67413,-54.861866,392545.9155,3919295.889
49178,2020-03-24,04:00:00,-64.6688,-54.85227,392862.5535,3920371.708
49152,2020-03-24,16:00:00,-64.65493,-54.8736,393808.9999,3918019.637
49138,2020-03-24,16:00:00,-64.6752,-54.862934,392480.086,3919175.421
49180,2020-03-24,16:00:00,-64.680534,-54.859734,392129.223,3919523.254
49178,2020-03-24,16:00:00,-64.673065,-54.855465,392597.2556,3920009.7
49127,2020-03-24,16:00:00,-64.66987,-54.855465,392802.3396,3920014.594
49152,2020-03-25,04:00:00,-64.673065,-54.866135,392625.6114,3918822.551
49138,2020-03-25,04:00:00,-64.67413,-54.861866,392545.9155,3919295.889
49180,2020-03-25,04:00:00,-64.68373,-54.859734,391924.0968,3919518.328
49178,2020-03-25,04:00:00,-64.672,-54.853333,392659.9551,3920248.54
49152,2020-03-25,16:00:00,-64.66026,-54.87467,393469.8472,3917892.493
49138,2020-03-25,16:00:00,-64.672,-54.864,392688.2842,3919061.725
49127,2020-03-25,16:00:00,-64.67627,-54.856533,392394.3732,3919885.956
49178,2020-03-25,16:00:00,-64.6752,-54.8544,392457.3783,3920124.917
49180,2020-03-25,16:00:00,-64.6656,-54.853333,393070.787,3920258.327
49152,2020-03-26,04:00:00,-64.673065,-54.865067,392622.773,3918941.378
49180,2020-03-26,04:00:00,-64.68266,-54.861866,391998.4701,3919282.771
49138,2020-03-26,04:00:00,-64.673065,-54.861866,392614.266,3919297.522
49178,2020-03-26,04:00:00,-64.67413,-54.853333,392523.2252,3920245.274
49152,2020-03-26,16:00:00,-64.66026,-54.875732,393472.6484,3917774.334
49138,2020-03-26,16:00:00,-64.673065,-54.861866,392614.266,3919297.522
49178,2020-03-26,16:00:00,-64.67413,-54.8544,392526.0624,3920126.559
49180,2020-03-26,16:00:00,-64.6592,-54.784,393298.9879,3927982.066
49138,2020-03-27,04:00:00,-64.673065,-54.861866,392614.266,3919297.522
49180,2020-03-27,04:00:00,-64.51307,-54.7968,402726.3896,3926770.487
49127,2020-03-27,16:00:00,-64.66347,-54.87467,393263.8979,3917887.606
49152,2020-03-27,16:00:00,-64.67413,-54.866135,392557.2681,3918820.918
49138,2020-03-27,16:00:00,-64.673065,-54.861866,392614.266,3919297.522
49180,2020-03-27,16:00:00,-64.6816,-54.859734,392060.8048,3919521.612
49178,2020-03-27,16:00:00,-64.67413,-54.853333,392523.2252,3920245.274
49127,2020-03-28,04:00:00,-64.673065,-54.864,392619.9373,3919060.093
49138,2020-03-28,04:00:00,-64.673065,-54.861866,392614.266,3919297.522
49180,2020-03-28,04:00:00,-64.6816,-54.859734,392060.8048,3919521.612
49178,2020-03-28,04:00:00,-64.673065,-54.853333,392591.5901,3920246.907
49152,2020-03-28,16:00:00,-64.66133,-54.88,393415.2656,3917297.845
49127,2020-03-28,16:00:00,-64.673065,-54.861866,392614.266,3919297.522
49138,2020-03-28,16:00:00,-64.673065,-54.861866,392614.266,3919297.522
49178,2020-03-28,16:00:00,-64.673065,-54.856533,392600.0936,3919890.874
49180,2020-03-28,16:00:00,-64.72747,-54.8544,389102.1443,3920043.427
49127,2020-03-29,04:00:00,-64.673065,-54.865067,392622.773,3918941.378
49138,2020-03-29,04:00:00,-64.673065,-54.862934,392617.1043,3919178.696
49180,2020-03-29,04:00:00,-64.733864,-54.858665,388703.4586,3919558.766
49152,2020-03-29,16:00:00,-64.67094,-54.868267,392767.6363,3918588.599
49180,2020-03-29,16:00:00,-64.733864,-54.858665,388703.4586,3919558.766
49127,2020-03-29,16:00:00,-64.6816,-54.8576,392055.1048,3919759.041
49178,2020-03-29,16:00:00,-64.6688,-54.855465,392871.022,3920016.231
49138,2020-03-29,16:00:00,-64.58453,-54.8352,398229.2816,3922396.562
49152,2020-03-30,04:00:00,-64.67094,-54.866135,392761.9772,3918825.807
49138,2020-03-30,04:00:00,-64.673065,-54.861866,392614.266,3919297.522
49180,2020-03-30,04:00:00,-64.733864,-54.858665,388703.4586,3919558.766
49178,2020-03-30,04:00:00,-64.66987,-54.853333,392796.6851,3920251.801
49152,2020-03-30,16:00:00,-64.6592,-54.88,393551.9055,3917301.084
49138,2020-03-30,16:00:00,-64.67413,-54.856533,392531.7341,3919889.241
49178,2020-03-30,16:00:00,-64.673065,-54.856533,392600.0936,3919890.874
49127,2020-03-30,16:00:00,-64.544,-54.725334,400563.0427,3934678.521
49127,2020-03-31,04:00:00,-64.673065,-54.865067,392622.773,3918941.378
49138,2020-03-31,04:00:00,-64.67094,-54.8608,392747.8168,3919419.382
49180,2020-03-31,04:00:00,-64.733864,-54.8576,388700.5255,3919677.257
49178,2020-03-31,04:00:00,-64.66347,-54.85227,393204.7087,3920379.846
49127,2020-03-31,16:00:00,-64.673065,-54.865067,392622.773,3918941.378
49138,2020-03-31,16:00:00,-64.67094,-54.8608,392747.8168,3919419.382
49180,2020-03-31,16:00:00,-64.736,-54.856533,388560.4843,3919792.575
49152,2020-03-31,16:00:00,-64.67733,-54.8544,392320.6521,3920121.645
49178,2020-03-31,16:00:00,-64.673065,-54.8544,392594.4255,3920128.193
49127,2020-04-01,04:00:00,-64.673065,-54.865067,392622.773,3918941.378
49180,2020-04-01,04:00:00,-64.736,-54.858665,388566.3631,3919555.37
49178,2020-04-01,04:00:00,-64.66987,-54.8544,392799.515,3920133.086
49152,2020-04-01,16:00:00,-64.66026,-54.881065,393486.7156,3917180.979
49178,2020-04-01,16:00:00,-64.67094,-54.871468,392776.1332,3918232.454
49138,2020-04-01,16:00:00,-64.67413,-54.862934,392548.7556,3919177.063
49127,2020-04-01,16:00:00,-64.73067,-54.80747,388767.7705,3925259.733
49180,2020-04-01,16:00:00,-64.7328,-54.8064,388627.9437,3925375.398
49138,2020-04-02,04:00:00,-64.67094,-54.8608,392747.8168,3919419.382
49180,2020-04-02,04:00:00,-64.72853,-54.80747,388905.2968,3925263.127
49152,2020-04-02,16:00:00,-64.6752,-54.8704,392499.9539,3918344.75
49138,2020-04-02,16:00:00,-64.67627,-54.862934,392411.4164,3919173.778
49127,2020-04-02,16:00:00,-64.746666,-54.8544,387869.9525,3920012.871
49178,2020-04-02,16:00:00,-64.74987,-54.834133,387607.9662,3922262.617
49180,2020-04-02,16:00:00,-64.4288,-54.7584,408056.5718,3931156.665
49152,2020-04-03,04:00:00,-64.67413,-54.866135,392557.2681,3918820.918
49178,2020-04-03,04:00:00,-64.71467,-54.797867,389769.87,3926353.423
49180,2020-04-03,04:00:00,-64.25066,-54.727467,419457.8921,3934817.384
49138,2020-04-03,16:00:00,-64.72,-54.849068,389567.079,3920648.461
49127,2020-04-03,16:00:00,-64.73493,-54.8064,388491.0564,3925372.011
49152,2020-04-03,16:00:00,-64.67413,-54.798935,392378.6311,3926297.587
49180,2020-04-03,16:00:00,-64.28053,-54.7296,417538.71,3934545.363
49178,2020-04-03,16:00:00,-64.546135,-54.725334,400425.5552,3934675.494
49138,2020-04-04,04:00:00,-64.67627,-54.861866,392408.5727,3919292.604
49127,2020-04-04,04:00:00,-64.73067,-54.805332,388761.897,3925497.604
49152,2020-04-04,04:00:00,-64.5088,-54.795734,402998.3293,3926895.009
49180,2020-04-04,04:00:00,-64.25066,-54.727467,419457.8921,3934817.384
49138,2020-04-04,16:00:00,-64.67627,-54.861866,392408.5727,3919292.604
49178,2020-04-04,16:00:00,-64.680534,-54.855465,392117.8278,3919998.224
49127,2020-04-04,16:00:00,-64.731735,-54.8064,388696.3873,3925377.089
49152,2020-04-04,16:00:00,-64.5248,-54.770134,401907.8181,3929721.057
49180,2020-04-04,16:00:00,-64.24747,-54.727467,419663.3163,3934821.041
49138,2020-04-05,04:00:00,-64.6752,-54.861866,392477.2441,3919294.247
49152,2020-04-05,04:00:00,-64.7264,-54.8544,389170.8278,3920045.12
49127,2020-04-05,04:00:00,-64.72747,-54.8064,388970.4833,3925383.853
49178,2020-04-05,16:00:00,-64.60907,-54.907734,396838.683,3914290.38
49152,2020-04-05,16:00:00,-64.67413,-54.871468,392571.4512,3918227.566
49138,2020-04-05,16:00:00,-64.67947,-54.859734,392197.5129,3919524.892
49138,2020-04-06,04:00:00,-64.6752,-54.861866,392477.2441,3919294.247
49127,2020-04-06,04:00:00,-64.724266,-54.805332,389173.4697,3925507.747
49180,2020-04-06,04:00:00,-64.24747,-54.727467,419663.3163,3934821.041
49178,2020-04-06,16:00:00,-64.6592,-54.882133,393557.5284,3917063.764
49152,2020-04-06,16:00:00,-64.67413,-54.866135,392557.2681,3918820.918
49138,2020-04-06,16:00:00,-64.67413,-54.861866,392545.9155,3919295.889
49127,2020-04-06,16:00:00,-64.7328,-54.8064,388627.9437,3925375.398
49180,2020-04-06,16:00:00,-64.24747,-54.724266,419656.9846,3935177.201
49138,2020-04-07,04:00:00,-64.67094,-54.8608,392747.8168,3919419.382
49180,2020-04-07,04:00:00,-64.28267,-54.731735,417405.2523,3934305.296
49152,2020-04-07,16:00:00,-64.673065,-54.871468,392639.7855,3918229.199
49138,2020-04-07,16:00:00,-64.67413,-54.855465,392528.8942,3920008.067
49178,2020-04-07,16:00:00,-64.67413,-54.8544,392526.0624,3920126.559
49127,2020-04-07,16:00:00,-64.7328,-54.8064,388627.9437,3925375.398
49180,2020-04-07,16:00:00,-64.24427,-54.7264,419867.2794,3934943.42
49180,2020-04-08,04:00:00,-64.24427,-54.727467,419869.3846,3934824.7
49178,2020-04-08,16:00:00,-64.57387,-54.814934,398863.2498,3924666.821
49127,2020-04-08,16:00:00,-64.7328,-54.8064,388627.9437,3925375.398
49138,2020-04-08,16:00:00,-64.70613,-54.794666,390310.1543,3926722.956
49152,2020-04-08,16:00:00,-64.2304,-54.756268,420818.7639,3931635.886
49180,2020-04-08,16:00:00,-64.26987,-54.682667,418130.6563,3939779.815
49138,2020-04-09,04:00:00,-64.71467,-54.8,389775.6751,3926116.108
49180,2020-04-09,04:00:00,-64.27627,-54.730667,417815.1822,3934431.641
49127,2020-04-09,16:00:00,-64.7328,-54.80747,388630.8868,3925256.351
49138,2020-04-09,16:00:00,-64.71467,-54.8,389775.6751,3926116.108
49180,2020-04-09,16:00:00,-64.27306,-54.791466,418144.6624,3927670.569
49152,2020-04-09,16:00:00,-64.2624,-54.734932,418716.8243,3933973.252
49178,2020-04-09,16:00:00,-64.234665,-54.701866,420437.7985,3937684.125
49138,2020-04-10,04:00:00,-64.71467,-54.8,389775.6751,3926116.108
49152,2020-04-10,04:00:00,-64.13333,-54.7712,427092.1754,3930079.69
49180,2020-04-10,16:00:00,-64.6784,-54.8608,392269.0298,3919407.934
49127,2020-04-10,16:00:00,-64.7328,-54.813866,388648.4805,3924544.742
49138,2020-04-10,16:00:00,-64.72107,-54.8,389364.3045,3926106.026
49152,2020-04-10,16:00:00,-63.81333,-54.754135,447655.4051,3932264.208
49178,2020-04-10,16:00:00,-64.263466,-54.676266,418530.6877,3940499.466
49180,2020-04-11,04:00:00,-64.736,-54.8576,388563.4264,3919673.861
49138,2020-04-11,04:00:00,-64.72,-54.798935,389430.173,3926226.205
49152,2020-04-11,04:00:00,-63.81333,-54.754135,447655.4051,3932264.208
49127,2020-04-11,16:00:00,-64.7328,-54.80747,388630.8868,3925256.351
49180,2020-04-11,16:00:00,-64.731735,-54.80747,388699.3286,3925258.043
49138,2020-04-11,16:00:00,-64.724266,-54.8032,389167.6345,3925744.951
49152,2020-04-11,16:00:00,-63.800533,-54.7264,448443.7707,3935359.772
49178,2020-04-11,16:00:00,-64.26133,-54.674133,418664.148,3940739.268
49180,2020-04-12,04:00:00,-64.7328,-54.858665,388771.7496,3919560.456
49178,2020-04-12,04:00:00,-64.24,-54.702934,420096.1265,3937559.234
49180,2020-04-12,16:00:00,-64.733864,-54.80747,388562.5093,3925254.66
49127,2020-04-12,16:00:00,-64.7328,-54.8064,388627.9437,3925375.398
49138,2020-04-12,16:00:00,-64.68587,-54.805332,391641.1163,3925567.776
49152,2020-04-12,16:00:00,-63.808,-54.753067,447997.0589,3932387.009
49178,2020-04-12,16:00:00,-64.2432,-54.702934,419889.9337,3937555.587
49180,2020-04-13,04:00:00,-64.73707,-54.8576,388494.7485,3919672.159
49178,2020-04-13,04:00:00,-64.24,-54.704,420098.2219,3937440.626
49127,2020-04-13,16:00:00,-64.7328,-54.80747,388630.8868,3925256.351
49180,2020-04-13,16:00:00,-64.7328,-54.80747,388630.8868,3925256.351
49138,2020-04-13,16:00:00,-64.717865,-54.8,389570.3111,3926111.08
49152,2020-04-13,16:00:00,-63.808,-54.718933,447953.3227,3936185.115
49127,2020-04-14,04:00:00,-64.724266,-54.805332,389173.4697,3925507.747
49180,2020-04-14,16:00:00,-64.523735,-54.7712,401978.9026,3929603.942
49152,2020-04-15,04:00:00,-63.808,-54.718933,447953.3227,3936185.115
49138,2020-04-15,04:00:00,-64.6752,-54.801067,392315.5216,3926058.739
49127,2020-04-15,04:00:00,-64.733864,-54.8064,388559.5643,3925373.707
49138,2020-04-15,16:00:00,-64.64854,-54.776535,393964.9273,3928828.788
49127,2020-04-15,16:00:00,-64.733864,-54.80747,388562.5093,3925254.66
49138,2020-04-16,04:00:00,-64.672,-54.8,392518.3713,3926182.364
49127,2020-04-16,04:00:00,-64.72747,-54.805332,388967.5547,3925502.677
49138,2020-04-16,16:00:00,-64.7296,-54.8064,388833.5959,3925380.477
49127,2020-04-16,16:00:00,-64.733864,-54.8064,388559.5643,3925373.707
49138,2020-04-17,04:00:00,-64.7232,-54.804268,389239.0692,3925627.811
49127,2020-04-17,04:00:00,-64.72747,-54.805332,388967.5547,3925502.677
49138,2020-04-17,16:00:00,-64.7296,-54.8064,388833.5959,3925380.477
49127,2020-04-17,16:00:00,-64.733864,-54.80747,388562.5093,3925254.66
49138,2020-04-18,04:00:00,-64.72107,-54.804268,389375.9639,3925631.175
49127,2020-04-18,04:00:00,-64.72747,-54.805332,388967.5547,3925502.677
49138,2020-04-18,16:00:00,-64.672,-54.798935,392515.545,3926300.855
49127,2020-04-18,16:00:00,-64.733864,-54.8064,388559.5643,3925373.707
49138,2020-04-19,04:00:00,-64.71574,-54.8,389706.899,3926114.425
49127,2020-04-19,04:00:00,-64.72747,-54.805332,388967.5547,3925502.677
49138,2020-04-19,16:00:00,-64.69227,-54.786133,391178.2319,3927693.925
49127,2020-04-19,16:00:00,-64.733864,-54.80747,388562.5093,3925254.66
49127,2020-04-20,04:00:00,-64.72213,-54.80213,389301.9936,3925867.372
49138,2020-04-20,16:00:00,-64.71574,-54.8,389706.899,3926114.425
49127,2020-04-20,16:00:00,-64.733864,-54.80747,388562.5093,3925254.66
49138,2020-04-21,04:00:00,-64.72213,-54.805332,389310.7464,3925511.122
49127,2020-04-21,04:00:00,-64.725334,-54.805332,389104.8314,3925506.058
49138,2020-04-21,16:00:00,-64.701866,-54.7968,390590.0308,3926492.193
49127,2020-04-21,16:00:00,-64.731735,-54.80747,388699.3286,3925258.043
49138,2020-04-22,16:00:00,-64.656,-54.88,393757.1863,3917305.943
49127,2020-04-22,16:00:00,-64.70827,-54.794666,390172.5839,3926719.606
49138,2020-04-23,04:00:00,-64.656,-54.88,393757.1863,3917305.943
49138,2020-04-23,16:00:00,-64.67094,-54.8544,392730.8309,3920131.448
49127,2020-04-23,16:00:00,-64.731735,-54.80747,388699.3286,3925258.043
49138,2020-04-24,16:00:00,-64.67094,-54.8544,392730.8309,3920131.448
49127,2020-04-24,16:00:00,-64.731735,-54.80747,388699.3286,3925258.043
49127,2020-04-25,04:00:00,-64.7232,-54.8032,389236.1479,3925746.635
49138,2020-04-25,16:00:00,-64.72853,-54.8064,388902.361,3925382.174
49127,2020-04-25,16:00:00,-64.731735,-54.80747,388699.3286,3925258.043
49138,2020-04-26,04:00:00,-64.72,-54.805332,389447.6376,3925514.484
49127,2020-04-26,04:00:00,-64.7232,-54.805332,389241.9795,3925509.432
49138,2020-04-26,16:00:00,-64.70827,-54.8,390187.0461,3926126.152
49127,2020-04-26,16:00:00,-64.733864,-54.80747,388562.5093,3925254.66
49138,2020-04-27,04:00:00,-64.71253,-54.797867,389907.4294,3926356.785
49127,2020-04-27,04:00:00,-64.72747,-54.805332,388967.5547,3925502.677
49138,2020-04-27,16:00:00,-64.724266,-54.8064,389176.3928,3925388.923
49127,2020-04-27,16:00:00,-64.733864,-54.80747,388562.5093,3925254.66
49138,2020-04-28,04:00:00,-64.725334,-54.805332,389104.8314,3925506.058
49138,2020-04-28,16:00:00,-64.7072,-54.8,390255.8222,3926127.828
49127,2020-04-28,16:00:00,-64.733864,-54.8064,388559.5643,3925373.707
49138,2020-04-29,04:00:00,-64.725334,-54.804268,389101.9174,3925624.437
49127,2020-04-29,04:00:00,-64.7328,-54.805332,388625.0061,3925494.222
49138,2020-04-29,16:00:00,-64.7296,-54.80747,388836.5337,3925261.431
49127,2020-04-29,16:00:00,-64.733864,-54.8064,388559.5643,3925373.707
49127,2020-04-30,04:00:00,-64.72747,-54.8032,388961.7087,3925739.88
49138,2020-04-30,16:00:00,-64.72747,-54.805332,388967.5547,3925502.677
49127,2020-04-30,16:00:00,-64.733864,-54.8064,388559.5643,3925373.707
49138,2020-05-01,16:00:00,-64.731735,-54.80747,388699.3286,3925258.043
49127,2020-05-01,16:00:00,-64.733864,-54.80747,388562.5093,3925254.66
49127,2020-05-02,04:00:00,-64.725334,-54.804268,389101.9174,3925624.437
49138,2020-05-02,16:00:00,-64.731735,-54.80747,388699.3286,3925258.043
49127,2020-05-02,16:00:00,-64.7296,-54.8064,388833.5959,3925380.477
49138,2020-05-03,04:00:00,-64.725334,-54.804268,389101.9174,3925624.437
49127,2020-05-03,04:00:00,-64.7264,-54.805332,389036.3216,3925504.371
49138,2020-05-03,16:00:00,-64.733864,-54.80747,388562.5093,3925254.66
49127,2020-05-03,16:00:00,-64.7328,-54.805332,388625.0061,3925494.222
49138,2020-05-04,04:00:00,-64.725334,-54.805332,389104.8314,3925506.058
49127,2020-05-04,04:00:00,-64.724266,-54.804268,389170.5576,3925626.127
49138,2020-05-04,16:00:00,-64.733864,-54.80747,388562.5093,3925254.66
49127,2020-05-04,16:00:00,-64.731735,-54.805332,388693.4515,3925495.913
49138,2020-05-05,04:00:00,-64.725334,-54.804268,389101.9174,3925624.437
49138,2020-05-05,16:00:00,-64.70506,-54.8,390393.3745,3926131.176
49127,2020-05-05,16:00:00,-64.731735,-54.8064,388696.3873,3925377.089
49138,2020-05-06,04:00:00,-64.725334,-54.805332,389104.8314,3925506.058
49127,2020-05-06,04:00:00,-64.725334,-54.804268,389101.9174,3925624.437
49138,2020-05-06,16:00:00,-64.733864,-54.8064,388559.5643,3925373.707
49127,2020-05-06,16:00:00,-64.733864,-54.8064,388559.5643,3925373.707
49138,2020-05-07,04:00:00,-64.725334,-54.805332,389104.8314,3925506.058
49127,2020-05-07,04:00:00,-64.725334,-54.805332,389104.8314,3925506.058
49138,2020-05-07,16:00:00,-64.731735,-54.8064,388696.3873,3925377.089
49127,2020-05-07,16:00:00,-64.733864,-54.8064,388559.5643,3925373.707
49138,2020-05-08,04:00:00,-64.725334,-54.804268,389101.9174,3925624.437
49127,2020-05-08,04:00:00,-64.72747,-54.805332,388967.5547,3925502.677
49138,2020-05-08,16:00:00,-64.733864,-54.80747,388562.5093,3925254.66
49127,2020-05-08,16:00:00,-64.7424,-54.80213,387999.1778,3925835.175
49127,2020-05-09,04:00:00,-64.725334,-54.805332,389104.8314,3925506.058
49138,2020-05-09,16:00:00,-64.733864,-54.8064,388559.5643,3925373.707
49127,2020-05-09,16:00:00,-64.733864,-54.8064,388559.5643,3925373.707
49138,2020-05-10,04:00:00,-64.73067,-54.805332,388761.897,3925497.604
49127,2020-05-10,04:00:00,-64.733864,-54.8064,388559.5643,3925373.707
49138,2020-05-10,16:00:00,-64.733864,-54.80747,388562.5093,3925254.66
49127,2020-05-10,16:00:00,-64.733864,-54.8064,388559.5643,3925373.707
49138,2020-05-11,04:00:00,-64.73067,-54.805332,388761.897,3925497.604
49127,2020-05-11,04:00:00,-64.733864,-54.80747,388562.5093,3925254.66
49138,2020-05-11,16:00:00,-64.73067,-54.804268,388758.974,3925615.983
49127,2020-05-11,16:00:00,-64.733864,-54.8064,388559.5643,3925373.707
49138,2020-05-12,04:00:00,-64.73067,-54.805332,388761.897,3925497.604