X,id,date,hour,lon,lat,x,y,distppa,colonia,cluster
21,49127,2020-01-16,16:00:00,-64.6592,-54.87253,393532.2145,3918132.204,186.403852720459,1,7
26,49127,2020-01-17,04:00:00,-64.6592,-54.87253,393532.2145,3918132.204,186.403852720459,1,7
31,49127,2020-01-17,16:00:00,-64.6592,-54.87253,393532.2145,3918132.204,186.403852720459,1,7
36,49127,2020-01-18,04:00:00,-64.6592,-54.87253,393532.2145,3918132.204,186.403852720459,1,7
40,49127,2020-01-18,16:00:00,-64.6592,-54.87253,393532.2145,3918132.204,186.403852720459,1,7
48,49127,2020-01-19,16:00:00,-64.6592,-54.87253,393532.2145,3918132.204,186.403852720459,1,7
56,49127,2020-01-20,16:00:00,-64.6592,-54.87253,393532.2145,3918132.204,186.403852720459,1,7
65,49127,2020-01-21,16:00:00,-64.66026,-54.87253,393464.2027,3918130.592,187.518936687126,1,7
73,49127,2020-01-22,16:00:00,-64.66026,-54.8736,393467.0249,3918011.543,73.5817611382097,1,16
80,49127,2020-01-23,16:00:00,-64.66026,-54.87253,393464.2027,3918130.592,187.518936687126,1,7
88,49127,2020-01-24,16:00:00,-64.66026,-54.87253,393464.2027,3918130.592,187.518936687126,1,7
95,49127,2020-01-25,16:00:00,-64.66026,-54.87253,393464.2027,3918130.592,187.518936687126,1,7
99,49127,2020-01-26,04:00:00,-64.6592,-54.87253,393532.2145,3918132.204,186.403852720459,1,7
102,49127,2020-01-26,16:00:00,-64.6592,-54.87253,393532.2145,3918132.204,186.403852720459,1,7
106,49127,2020-01-27,04:00:00,-64.6592,-54.87253,393532.2145,3918132.204,186.403852720459,1,7
110,49127,2020-01-27,16:00:00,-64.6592,-54.87253,393532.2145,3918132.204,186.403852720459,1,7
125,49127,2020-01-29,16:00:00,-64.66026,-54.87253,393464.2027,3918130.592,187.518936687126,1,7
129,49127,2020-01-30,16:00:00,-64.66026,-54.87253,393464.2027,3918130.592,187.518936687126,1,7
136,49127,2020-01-31,16:00:00,-64.66026,-54.87253,393464.2027,3918130.592,187.518936687126,1,7
144,49127,2020-02-01,16:00:00,-64.66026,-54.87253,393464.2027,3918130.592,187.518936687126,1,7
151,49127,2020-02-02,16:00:00,-64.6592,-54.8736,393535.0349,3918013.154,71.7511793980362,1,16
159,49127,2020-02-03,16:00:00,-64.6592,-54.8736,393535.0349,3918013.154,71.7511793980362,1,16
166,49127,2020-02-04,16:00:00,-64.658134,-54.8736,393603.4299,3918014.774,94.4752840635684,1,16
173,49127,2020-02-05,16:00:00,-64.658134,-54.8736,393603.4299,3918014.774,94.4752840635684,1,16
182,49127,2020-02-06,16:00:00,-64.658134,-54.8736,393603.4299,3918014.774,94.4752840635684,1,16
188,49127,2020-02-07,16:00:00,-64.65387,-54.87467,393879.8214,3917902.194,44.1215317099679,1,34
195,49127,2020-02-08,16:00:00,-64.66026,-54.8736,393467.0249,3918011.543,73.5817611382097,1,16
200,49127,2020-02-09,04:00:00,-64.6592,-54.87253,393532.2145,3918132.204,186.403852720459,1,7
205,49127,2020-02-09,16:00:00,-64.6592,-54.8736,393535.0349,3918013.154,71.7511793980362,1,16
209,49127,2020-02-10,04:00:00,-64.6592,-54.87253,393532.2145,3918132.204,186.403852720459,1,7
213,49127,2020-02-10,16:00:00,-64.658134,-54.877865,393614.6652,3917540.246,148.39271638083,1,44
218,49127,2020-02-11,04:00:00,-64.6592,-54.87253,393532.2145,3918132.204,186.403852720459,1,7
223,49127,2020-02-11,16:00:00,-64.6592,-54.8736,393535.0349,3918013.154,71.7511793980362,1,16
228,49127,2020-02-12,04:00:00,-64.6592,-54.87253,393532.2145,3918132.204,186.403852720459,1,7
234,49127,2020-02-12,16:00:00,-64.658134,-54.8736,393603.4299,3918014.774,94.4752840635684,1,16
237,49127,2020-02-13,04:00:00,-64.66026,-54.87253,393464.2027,3918130.592,187.518936687126,1,7
239,49127,2020-02-13,16:00:00,-64.6592,-54.8736,393535.0349,3918013.154,71.7511793980362,1,16
244,49127,2020-02-14,04:00:00,-64.66026,-54.87253,393464.2027,3918130.592,187.518936687126,1,7
249,49127,2020-02-14,16:00:00,-64.66133,-54.87253,393395.5493,3918128.964,210.946800975979,1,7
253,49127,2020-02-15,04:00:00,-64.66026,-54.87253,393464.2027,3918130.592,187.518936687126,1,7
255,49127,2020-02-15,16:00:00,-64.65387,-54.88,393893.8263,3917309.172,40.0569811182892,1,49
259,49127,2020-02-16,04:00:00,-64.66026,-54.87253,393464.2027,3918130.592,187.518936687126,1,7
262,49127,2020-02-16,16:00:00,-64.66133,-54.87253,393395.5493,3918128.964,210.946800975979,1,7
267,49127,2020-02-17,04:00:00,-64.6592,-54.87253,393532.2145,3918132.204,186.403852720459,1,7
272,49127,2020-02-17,16:00:00,-64.6688,-54.864,392893.6459,3919066.622,141.152422703842,1,38
276,49127,2020-02-18,04:00:00,-64.6592,-54.87253,393532.2145,3918132.204,186.403852720459,1,7
281,49127,2020-02-18,16:00:00,-64.67094,-54.864,392756.3102,3919063.348,59.7371502212687,1,23
287,49127,2020-02-19,16:00:00,-64.658134,-54.875732,393609.0462,3917777.566,24.757600317679,1,37
301,49127,2020-02-21,16:00:00,-64.67947,-54.859734,392197.5129,3919524.892,22.2892074602402,1,4
307,49127,2020-02-22,16:00:00,-64.65387,-54.8928,393927.4631,3915885.028,1044.47658180737,0,57
313,49127,2020-02-23,16:00:00,-64.66133,-54.87467,393401.1974,3917890.865,73.3637417146898,1,58
319,49127,2020-02-24,16:00:00,-64.67094,-54.865067,392759.1424,3918944.633,36.2924384651368,1,23
324,49127,2020-02-25,04:00:00,-64.6592,-54.871468,393529.4152,3918250.363,303.590430971419,1,7
328,49127,2020-02-25,16:00:00,-64.6496,-54.88,394167.7481,3917315.633,11.1180964611256,1,63
336,49127,2020-02-26,16:00:00,-64.66026,-54.87253,393464.2027,3918130.592,187.518936687126,1,7
333,49127,2020-02-26,04:00:00,-64.673065,-54.865067,392622.773,3918941.378,116.243825012706,1,32
351,49127,2020-02-28,16:00:00,-64.64854,-54.882133,394241.3343,3917079.914,41.3647707691213,1,67
357,49127,2020-02-29,16:00:00,-64.6752,-54.856533,392463.0536,3919887.599,5.63551795395603,1,3
362,49127,2020-03-01,04:00:00,-64.67094,-54.864,392756.3102,3919063.348,59.7371502212687,1,23
367,49127,2020-03-01,16:00:00,-64.67094,-54.865067,392759.1424,3918944.633,36.2924384651368,1,23
375,49127,2020-03-02,16:00:00,-64.664536,-54.87253,393189.8457,3918124.079,230.879318311119,1,1
371,49127,2020-03-02,04:00:00,-64.67094,-54.864,392756.3102,3919063.348,59.7371502212687,1,23
380,49127,2020-03-03,04:00:00,-64.673065,-54.865067,392622.773,3918941.378,116.243825012706,1,32
383,49127,2020-03-03,16:00:00,-64.6688,-54.864,392893.6459,3919066.622,141.152422703842,1,38
388,49127,2020-03-04,04:00:00,-64.66987,-54.864,392824.9781,3919064.986,111.807028923392,1,38
393,49127,2020-03-04,16:00:00,-64.6688,-54.864,392893.6459,3919066.622,141.152422703842,1,38
398,49127,2020-03-05,04:00:00,-64.672,-54.865067,392691.1181,3918943.01,85.114295847006,1,23
400,49127,2020-03-05,16:00:00,-64.67094,-54.866135,392761.9772,3918825.807,26.9074860925813,1,25
406,49127,2020-03-06,04:00:00,-64.672,-54.865067,392691.1181,3918943.01,85.114295847006,1,23
415,49127,2020-03-07,16:00:00,-64.666664,-54.868267,393042.0219,3918595.137,298.693685727812,1,78
420,49127,2020-03-08,04:00:00,-64.66987,-54.864,392824.9781,3919064.986,111.807028923392,1,38
433,49127,2020-03-09,16:00:00,-64.69973,-54.80213,390741.7165,3925902.514,5600.3920842449,0,81
435,49127,2020-03-10,04:00:00,-64.67094,-54.865067,392759.1424,3918944.633,36.2924384651368,1,23
437,49127,2020-03-10,16:00:00,-64.67094,-54.866135,392761.9772,3918825.807,26.9074860925813,1,25
448,49127,2020-03-11,16:00:00,-64.673065,-54.866135,392625.6114,3918822.551,15.3290596259826,1,32
442,49127,2020-03-11,04:00:00,-64.66987,-54.864,392824.9781,3919064.986,111.807028923392,1,38
452,49127,2020-03-12,04:00:00,-64.68266,-54.859734,391992.7717,3919519.978,119.974487581847,1,14
453,49127,2020-03-12,16:00:00,-64.65707,-54.875732,393677.3092,3917779.182,52.3029584661086,1,37
458,49127,2020-03-13,04:00:00,-64.658134,-54.87253,393600.6113,3918133.823,207.973916363058,1,16
463,49127,2020-03-13,16:00:00,-64.67094,-54.865067,392759.1424,3918944.633,36.2924384651368,1,23
471,49127,2020-03-14,16:00:00,-64.67413,-54.861866,392545.9155,3919295.889,54.1789681757994,1,10
467,49127,2020-03-14,04:00:00,-64.67094,-54.865067,392759.1424,3918944.633,36.2924384651368,1,23
478,49127,2020-03-15,16:00:00,-64.67413,-54.865067,392554.4279,3918939.744,127.714101233182,1,32
475,49127,2020-03-15,04:00:00,-64.66987,-54.864,392824.9781,3919064.986,111.807028923392,1,38
482,49127,2020-03-16,04:00:00,-64.67413,-54.866135,392557.2681,3918820.918,74.0876730270578,1,32
486,49127,2020-03-17,04:00:00,-64.67413,-54.865067,392554.4279,3918939.744,127.714101233182,1,32
490,49127,2020-03-17,16:00:00,-64.673065,-54.866135,392625.6114,3918822.551,15.3290596259826,1,32
494,49127,2020-03-18,04:00:00,-64.673065,-54.866135,392625.6114,3918822.551,15.3290596259826,1,32
498,49127,2020-03-18,16:00:00,-64.673065,-54.865067,392622.773,3918941.378,116.243825012706,1,32
501,49127,2020-03-19,04:00:00,-64.673065,-54.865067,392622.773,3918941.378,116.243825012706,1,32
507,49127,2020-03-19,16:00:00,-63.922134,-54.794666,440712.4439,3927667.709,47390.7208964977,0,89
512,49127,2020-03-20,16:00:00,-64.1824,-54.746666,423889.6015,3932757.392,33249.852034476,0,90
515,49127,2020-03-21,16:00:00,-64.67094,-54.8672,392764.8041,3918707.314,21.0774256553349,1,25
519,49127,2020-03-22,04:00:00,-64.672,-54.866135,392693.9547,3918824.183,12.0714185664722,1,25
522,49127,2020-03-22,16:00:00,-64.673065,-54.868267,392631.2777,3918585.344,128.524968140033,1,31
531,49127,2020-03-23,16:00:00,-64.6688,-54.864,392893.6459,3919066.622,141.152422703842,1,38
542,49127,2020-03-24,16:00:00,-64.66987,-54.855465,392802.3396,3920014.594,77.2260153545012,1,46
549,49127,2020-03-25,16:00:00,-64.67627,-54.856533,392394.3732,3919885.956,17.5017477191471,1,3
562,49127,2020-03-27,16:00:00,-64.66347,-54.87467,393263.8979,3917887.606,96.6973421466242,1,55
572,49127,2020-03-28,16:00:00,-64.673065,-54.861866,392614.266,3919297.522,70.3989933585239,1,2
567,49127,2020-03-28,04:00:00,-64.673065,-54.864,392619.9373,3919060.093,2.28913631792007,1,18
576,49127,2020-03-29,04:00:00,-64.673065,-54.865067,392622.773,3918941.378,116.243825012706,1,32
581,49127,2020-03-29,16:00:00,-64.6816,-54.8576,392055.1048,3919759.041,167.795900352163,1,43
591,49127,2020-03-30,16:00:00,-64.544,-54.725334,400563.0427,3934678.521,16066.2783743408,0,100
592,49127,2020-03-31,04:00:00,-64.673065,-54.865067,392622.773,3918941.378,116.243825012706,1,32
596,49127,2020-03-31,16:00:00,-64.673065,-54.865067,392622.773,3918941.378,116.243825012706,1,32
601,49127,2020-04-01,04:00:00,-64.673065,-54.865067,392622.773,3918941.378,116.243825012706,1,32
607,49127,2020-04-01,16:00:00,-64.73067,-54.80747,388767.7705,3925259.733,6055.28149959817,0,103
613,49127,2020-04-02,16:00:00,-64.746666,-54.8544,387869.9525,3920012.871,4236.36022683494,0,107
620,49127,2020-04-03,16:00:00,-64.73493,-54.8064,388491.0564,3925372.011,6321.89672757756,0,113
630,49127,2020-04-04,16:00:00,-64.731735,-54.8064,388696.3873,3925377.089,6190.91310401939,0,104
625,49127,2020-04-04,04:00:00,-64.73067,-54.805332,388761.897,3925497.604,6241.74278103214,0,116
635,49127,2020-04-05,04:00:00,-64.72747,-54.8064,388970.4833,3925383.853,6022.53208188568,0,120
645,49127,2020-04-06,16:00:00,-64.7328,-54.8064,388627.9437,3925375.398,6234.12945962378,0,104
640,49127,2020-04-06,04:00:00,-64.724266,-54.805332,389173.4697,3925507.747,5998.68521264055,0,122
652,49127,2020-04-07,16:00:00,-64.7328,-54.8064,388627.9437,3925375.398,6234.12945962378,0,104
656,49127,2020-04-08,16:00:00,-64.7328,-54.8064,388627.9437,3925375.398,6234.12945962378,0,104
662,49127,2020-04-09,16:00:00,-64.7328,-54.80747,388630.8868,3925256.351,6142.5533238176,0,113
670,49127,2020-04-10,16:00:00,-64.7328,-54.813866,388648.4805,3924544.742,5616.7082349472,0,137
677,49127,2020-04-11,16:00:00,-64.7328,-54.80747,388630.8868,3925256.351,6142.5533238176,0,113
685,49127,2020-04-12,16:00:00,-64.7328,-54.8064,388627.9437,3925375.398,6234.12945962378,0,104
691,49127,2020-04-13,16:00:00,-64.7328,-54.80747,388630.8868,3925256.351,6142.5533238176,0,113
695,49127,2020-04-14,04:00:00,-64.724266,-54.805332,389173.4697,3925507.747,5998.68521264055,0,122
699,49127,2020-04-15,04:00:00,-64.733864,-54.8064,388559.5643,3925373.707,6277.75263329833,0,104
701,49127,2020-04-15,16:00:00,-64.733864,-54.80747,388562.5093,3925254.66,6186.8209716769,0,113
705,49127,2020-04-16,16:00:00,-64.733864,-54.8064,388559.5643,3925373.707,6277.75263329833,0,104
703,49127,2020-04-16,04:00:00,-64.72747,-54.805332,388967.5547,3925502.677,6118.03809469895,0,120
709,49127,2020-04-17,16:00:00,-64.733864,-54.80747,388562.5093,3925254.66,6186.8209716769,0,113
707,49127,2020-04-17,04:00:00,-64.72747,-54.805332,388967.5547,3925502.677,6118.03809469895,0,120
713,49127,2020-04-18,16:00:00,-64.733864,-54.8064,388559.5643,3925373.707,6277.75263329833,0,104
711,49127,2020-04-18,04:00:00,-64.72747,-54.805332,388967.5547,3925502.677,6118.03809469895,0,120
717,49127,2020-04-19,16:00:00,-64.733864,-54.80747,388562.5093,3925254.66,6186.8209716769,0,113
715,49127,2020-04-19,04:00:00,-64.72747,-54.805332,388967.5547,3925502.677,6118.03809469895,0,120
720,49127,2020-04-20,16:00:00,-64.733864,-54.80747,388562.5093,3925254.66,6186.8209716769,0,113
718,49127,2020-04-20,04:00:00,-64.72213,-54.80213,389301.9936,3925867.372,6221.95169603192,0,141
724,49127,2020-04-21,16:00:00,-64.731735,-54.80747,388699.3286,3925258.043,6098.69003518306,0,103
722,49127,2020-04-21,04:00:00,-64.725334,-54.805332,389104.8314,3925506.058,6037.95171139138,0,153
726,49127,2020-04-22,16:00:00,-64.70827,-54.794666,390172.5839,3926719.606,6569.63414935959,0,128
729,49127,2020-04-23,16:00:00,-64.731735,-54.80747,388699.3286,3925258.043,6098.69003518306,0,103
731,49127,2020-04-24,16:00:00,-64.731735,-54.80747,388699.3286,3925258.043,6098.69003518306,0,103
734,49127,2020-04-25,16:00:00,-64.731735,-54.80747,388699.3286,3925258.043,6098.69003518306,0,103
732,49127,2020-04-25,04:00:00,-64.7232,-54.8032,389236.1479,3925746.635,6157.99602869069,0,141
738,49127,2020-04-26,16:00:00,-64.733864,-54.80747,388562.5093,3925254.66,6186.8209716769,0,113
736,49127,2020-04-26,04:00:00,-64.7232,-54.805332,389241.9795,3925509.432,5960.02232165406,0,122
742,49127,2020-04-27,16:00:00,-64.733864,-54.80747,388562.5093,3925254.66,6186.8209716769,0,113
740,49127,2020-04-27,04:00:00,-64.72747,-54.805332,388967.5547,3925502.677,6118.03809469895,0,120
745,49127,2020-04-28,16:00:00,-64.733864,-54.8064,388559.5643,3925373.707,6277.75263329833,0,104
747,49127,2020-04-29,04:00:00,-64.7328,-54.805332,388625.0061,3925494.222,6326.44749883037,0,104
749,49127,2020-04-29,16:00:00,-64.733864,-54.8064,388559.5643,3925373.707,6277.75263329833,0,104
752,49127,2020-04-30,16:00:00,-64.733864,-54.8064,388559.5643,3925373.707,6277.75263329833,0,104
750,49127,2020-04-30,04:00:00,-64.72747,-54.8032,388961.7087,3925739.88,6311.06511664077,0,157
754,49127,2020-05-01,16:00:00,-64.733864,-54.80747,388562.5093,3925254.66,6186.8209716769,0,113
757,49127,2020-05-02,16:00:00,-64.7296,-54.8064,388833.5959,3925380.477,6105.66700561789,0,120
755,49127,2020-05-02,04:00:00,-64.725334,-54.804268,389101.9174,3925624.437,6135.15168162847,0,153
761,49127,2020-05-03,16:00:00,-64.7328,-54.805332,388625.0061,3925494.222,6326.44749883037,0,104
759,49127,2020-05-03,04:00:00,-64.7264,-54.805332,389036.3216,3925504.371,6077.66427423681,0,153
765,49127,2020-05-04,16:00:00,-64.731735,-54.805332,388693.4515,3925495.913,6283.86491036436,0,116
763,49127,2020-05-04,04:00:00,-64.724266,-54.804268,389170.5576,3925626.127,6096.51096533897,0,122
768,49127,2020-05-05,16:00:00,-64.731735,-54.8064,388696.3873,3925377.089,6190.91310401939,0,104
772,49127,2020-05-06,16:00:00,-64.733864,-54.8064,388559.5643,3925373.707,6277.75263329833,0,104
770,49127,2020-05-06,04:00:00,-64.725334,-54.804268,389101.9174,3925624.437,6135.15168162847,0,153
776,49127,2020-05-07,16:00:00,-64.733864,-54.8064,388559.5643,3925373.707,6277.75263329833,0,104
774,49127,2020-05-07,04:00:00,-64.725334,-54.805332,389104.8314,3925506.058,6037.95171139138,0,153
778,49127,2020-05-08,04:00:00,-64.72747,-54.805332,388967.5547,3925502.677,6118.03809469895,0,120
780,49127,2020-05-08,16:00:00,-64.7424,-54.80213,387999.1778,3925835.175,6995.23034170817,0,159
783,49127,2020-05-09,16:00:00,-64.733864,-54.8064,388559.5643,3925373.707,6277.75263329833,0,104
781,49127,2020-05-09,04:00:00,-64.725334,-54.805332,389104.8314,3925506.058,6037.95171139138,0,153
785,49127,2020-05-10,04:00:00,-64.733864,-54.8064,388559.5643,3925373.707,6277.75263329833,0,104
787,49127,2020-05-10,16:00:00,-64.733864,-54.8064,388559.5643,3925373.707,6277.75263329833,0,104
791,49127,2020-05-11,16:00:00,-64.733864,-54.8064,388559.5643,3925373.707,6277.75263329833,0,104
789,49127,2020-05-11,04:00:00,-64.733864,-54.80747,388562.5093,3925254.66,6186.8209716769,0,113
2,49138,2020-01-14,04:00:00,-64.673065,-54.861866,392614.266,3919297.522,70.3989933585239,1,2
5,49138,2020-01-14,16:00:00,-64.673065,-54.861866,392614.266,3919297.522,70.3989933585239,1,2
9,49138,2020-01-15,04:00:00,-64.673065,-54.861866,392614.266,3919297.522,70.3989933585239,1,2
13,49138,2020-01-15,16:00:00,-64.673065,-54.861866,392614.266,3919297.522,70.3989933585239,1,2
17,49138,2020-01-16,04:00:00,-64.673065,-54.861866,392614.266,3919297.522,70.3989933585239,1,2
22,49138,2020-01-16,16:00:00,-64.673065,-54.861866,392614.266,3919297.522,70.3989933585239,1,2
27,49138,2020-01-17,04:00:00,-64.673065,-54.861866,392614.266,3919297.522,70.3989933585239,1,2
33,49138,2020-01-17,16:00:00,-64.67413,-54.859734,392540.246,3919533.096,162.868887564274,1,8
37,49138,2020-01-18,04:00:00,-64.673065,-54.861866,392614.266,3919297.522,70.3989933585239,1,2
43,49138,2020-01-18,16:00:00,-64.66987,-54.85227,392793.8658,3920370.071,292.603674969537,1,9
50,49138,2020-01-19,16:00:00,-64.673065,-54.8608,392611.433,3919416.126,123.943998384533,1,8
45,49138,2020-01-19,04:00:00,-64.67413,-54.861866,392545.9155,3919295.889,54.1789681757994,1,10
53,49138,2020-01-20,04:00:00,-64.673065,-54.861866,392614.266,3919297.522,70.3989933585239,1,2
58,49138,2020-01-20,16:00:00,-64.67627,-54.8608,392405.7343,3919411.208,86.8728657932399,1,13
61,49138,2020-01-21,04:00:00,-64.673065,-54.861866,392614.266,3919297.522,70.3989933585239,1,2
66,49138,2020-01-21,16:00:00,-64.673065,-54.8608,392611.433,3919416.126,123.943998384533,1,8
70,49138,2020-01-22,04:00:00,-64.673065,-54.861866,392614.266,3919297.522,70.3989933585239,1,2
74,49138,2020-01-22,16:00:00,-64.673065,-54.8608,392611.433,3919416.126,123.943998384533,1,8
81,49138,2020-01-23,16:00:00,-64.673065,-54.861866,392614.266,3919297.522,70.3989933585239,1,2
84,49138,2020-01-24,04:00:00,-64.673065,-54.861866,392614.266,3919297.522,70.3989933585239,1,2
89,49138,2020-01-24,16:00:00,-64.673065,-54.861866,392614.266,3919297.522,70.3989933585239,1,2
96,49138,2020-01-25,16:00:00,-64.672,-54.8608,392679.7853,3919417.758,97.9531957819634,1,2
104,49138,2020-01-26,16:00:00,-64.672,-54.8608,392679.7853,3919417.758,97.9531957819634,1,2
107,49138,2020-01-27,04:00:00,-64.672,-54.861866,392682.6165,3919299.154,28.6451112086743,1,2
112,49138,2020-01-27,16:00:00,-64.672,-54.8608,392679.7853,3919417.758,97.9531957819634,1,2
118,49138,2020-01-28,16:00:00,-64.673065,-54.861866,392614.266,3919297.522,70.3989933585239,1,2
115,49138,2020-01-28,04:00:00,-64.673065,-54.862934,392617.1043,3919178.696,1.84855075933725,1,18
122,49138,2020-01-29,04:00:00,-64.673065,-54.861866,392614.266,3919297.522,70.3989933585239,1,2
126,49138,2020-01-29,16:00:00,-64.6752,-54.861866,392477.2441,3919294.247,15.2949134950136,1,10
131,49138,2020-01-30,16:00:00,-64.6752,-54.862934,392480.086,3919175.421,20.7478309171573,1,21
134,49138,2020-01-31,04:00:00,-64.6752,-54.861866,392477.2441,3919294.247,15.2949134950136,1,10
138,49138,2020-01-31,16:00:00,-64.6752,-54.861866,392477.2441,3919294.247,15.2949134950136,1,10
146,49138,2020-02-01,16:00:00,-64.6752,-54.861866,392477.2441,3919294.247,15.2949134950136,1,10
153,49138,2020-02-02,16:00:00,-64.67733,-54.862934,392343.3887,3919172.15,1.84590333875455,1,21
160,49138,2020-02-03,16:00:00,-64.67733,-54.862934,392343.3887,3919172.15,1.84590333875455,1,21
164,49138,2020-02-04,04:00:00,-64.67627,-54.861866,392408.5727,3919292.604,8.11441890525213,1,28
167,49138,2020-02-04,16:00:00,-64.67947,-54.862934,392206.0496,3919168.859,1.05464608863886,1,29
171,49138,2020-02-05,04:00:00,-64.6784,-54.861866,392271.8718,3919289.331,2.02337731282659,1,28
175,49138,2020-02-05,16:00:00,-64.6784,-54.861866,392271.8718,3919289.331,2.02337731282659,1,28
184,49138,2020-02-06,16:00:00,-64.6816,-54.8608,392063.6522,3919403.009,39.2051224232796,1,11
179,49138,2020-02-06,04:00:00,-64.6784,-54.861866,392271.8718,3919289.331,2.02337731282659,1,28
192,49138,2020-02-08,04:00:00,-64.6752,-54.861866,392477.2441,3919294.247,15.2949134950136,1,10
197,49138,2020-02-08,16:00:00,-64.67627,-54.862934,392411.4164,3919173.778,44.0427667206927,1,21
202,49138,2020-02-09,04:00:00,-64.6752,-54.861866,392477.2441,3919294.247,15.2949134950136,1,10
206,49138,2020-02-09,16:00:00,-64.67413,-54.865067,392554.4279,3918939.744,127.714101233182,1,32
210,49138,2020-02-10,04:00:00,-64.6752,-54.861866,392477.2441,3919294.247,15.2949134950136,1,10
216,49138,2020-02-10,16:00:00,-64.67413,-54.861866,392545.9155,3919295.889,54.1789681757994,1,10
225,49138,2020-02-11,16:00:00,-64.67413,-54.8608,392543.0807,3919414.493,67.2012018044543,1,8
220,49138,2020-02-11,04:00:00,-64.67413,-54.861866,392545.9155,3919295.889,54.1789681757994,1,10
235,49138,2020-02-12,16:00:00,-64.680534,-54.859734,392129.223,3919523.254,21.0145042350179,1,4
229,49138,2020-02-12,04:00:00,-64.67413,-54.861866,392545.9155,3919295.889,54.1789681757994,1,10
241,49138,2020-02-13,16:00:00,-64.680534,-54.859734,392129.223,3919523.254,21.0145042350179,1,4
251,49138,2020-02-14,16:00:00,-64.680534,-54.8576,392123.5267,3919760.683,117.71712145324,1,26
245,49138,2020-02-14,04:00:00,-64.67627,-54.861866,392408.5727,3919292.604,8.11441890525213,1,28
261,49138,2020-02-16,04:00:00,-64.67947,-54.861866,392203.2004,3919287.685,6.36743167842134,1,6
265,49138,2020-02-16,16:00:00,-64.68266,-54.859734,391992.7717,3919519.978,119.974487581847,1,14
273,49138,2020-02-17,16:00:00,-64.68266,-54.858665,391989.9146,3919638.915,146.320405223661,1,14
269,49138,2020-02-17,04:00:00,-64.67627,-54.861866,392408.5727,3919292.604,8.11441890525213,1,28
282,49138,2020-02-18,16:00:00,-64.680534,-54.858665,392126.3695,3919642.191,46.9879661166844,1,26
278,49138,2020-02-18,04:00:00,-64.67627,-54.861866,392408.5727,3919292.604,8.11441890525213,1,28
285,49138,2020-02-19,04:00:00,-64.67627,-54.861866,392408.5727,3919292.604,8.11441890525213,1,28
289,49138,2020-02-19,16:00:00,-64.6752,-54.865067,392485.762,3918938.103,107.534899589278,1,32
296,49138,2020-02-20,16:00:00,-64.67627,-54.862934,392411.4164,3919173.778,44.0427667206927,1,21
292,49138,2020-02-20,04:00:00,-64.67627,-54.861866,392408.5727,3919292.604,8.11441890525213,1,28
302,49138,2020-02-21,16:00:00,-64.680534,-54.8576,392123.5267,3919760.683,117.71712145324,1,26
297,49138,2020-02-21,04:00:00,-64.67627,-54.861866,392408.5727,3919292.604,8.11441890525213,1,28
309,49138,2020-02-22,16:00:00,-64.67627,-54.8544,392388.6942,3920123.274,204.469445127377,1,19
305,49138,2020-02-22,04:00:00,-64.67627,-54.861866,392408.5727,3919292.604,8.11441890525213,1,28
311,49138,2020-02-23,04:00:00,-64.6752,-54.861866,392477.2441,3919294.247,15.2949134950136,1,10
317,49138,2020-02-24,04:00:00,-64.67947,-54.861866,392203.2004,3919287.685,6.36743167842134,1,6
322,49138,2020-02-24,16:00:00,-64.73493,-54.8544,388623.2862,3920031.592,3501.00977436484,0,62
331,49138,2020-02-25,16:00:00,-64.67413,-54.8608,392543.0807,3919414.493,67.2012018044543,1,8
325,49138,2020-02-25,04:00:00,-64.6752,-54.861866,392477.2441,3919294.247,15.2949134950136,1,10
338,49138,2020-02-26,16:00:00,-64.680534,-54.858665,392126.3695,3919642.191,46.9879661166844,1,26
345,49138,2020-02-27,16:00:00,-64.67733,-54.862934,392343.3887,3919172.15,1.84590333875455,1,21
341,49138,2020-02-27,04:00:00,-64.67627,-54.861866,392408.5727,3919292.604,8.11441890525213,1,28
347,49138,2020-02-28,04:00:00,-64.67627,-54.861866,392408.5727,3919292.604,8.11441890525213,1,28
350,49138,2020-02-28,16:00:00,-64.6496,-54.8928,394201.298,3915891.488,988.198856132278,0,66
355,49138,2020-02-29,04:00:00,-64.67627,-54.861866,392408.5727,3919292.604,8.11441890525213,1,28
358,49138,2020-02-29,16:00:00,-64.673065,-54.856533,392600.0936,3919890.874,5.46997265332553,1,48
369,49138,2020-03-01,16:00:00,-64.68266,-54.858665,391989.9146,3919638.915,146.320405223661,1,14
363,49138,2020-03-01,04:00:00,-64.67627,-54.861866,392408.5727,3919292.604,8.11441890525213,1,28
377,49138,2020-03-02,16:00:00,-64.673065,-54.8608,392611.433,3919416.126,123.943998384533,1,8
372,49138,2020-03-02,04:00:00,-64.67413,-54.862934,392548.7556,3919177.063,17.0309104421846,1,18
381,49138,2020-03-03,04:00:00,-64.67413,-54.861866,392545.9155,3919295.889,54.1789681757994,1,10
384,49138,2020-03-03,16:00:00,-64.6752,-54.862934,392480.086,3919175.421,20.7478309171573,1,21
389,49138,2020-03-04,04:00:00,-64.67413,-54.861866,392545.9155,3919295.889,54.1789681757994,1,10
391,49138,2020-03-04,16:00:00,-64.6368,-54.903465,395049.9036,3914724.146,2297.91763658145,0,74
403,49138,2020-03-05,16:00:00,-64.67947,-54.861866,392203.2004,3919287.685,6.36743167842134,1,6
396,49138,2020-03-05,04:00:00,-64.6496,-54.88,394167.7481,3917315.633,11.1180964611256,1,63
407,49138,2020-03-06,04:00:00,-64.6752,-54.861866,392477.2441,3919294.247,15.2949134950136,1,10
411,49138,2020-03-06,16:00:00,-64.67094,-54.864,392756.3102,3919063.348,59.7371502212687,1,23
414,49138,2020-03-07,04:00:00,-64.6752,-54.861866,392477.2441,3919294.247,15.2949134950136,1,10
417,49138,2020-03-07,16:00:00,-64.67413,-54.864,392551.5904,3919058.459,27.0301925974348,1,18
421,49138,2020-03-08,04:00:00,-64.6752,-54.861866,392477.2441,3919294.247,15.2949134950136,1,10
425,49138,2020-03-08,16:00:00,-64.6752,-54.861866,392477.2441,3919294.247,15.2949134950136,1,10
430,49138,2020-03-09,16:00:00,-64.673065,-54.87253,392642.6081,3918111.04,133.660474186718,1,80
436,49138,2020-03-10,04:00:00,-64.67413,-54.861866,392545.9155,3919295.889,54.1789681757994,1,10
439,49138,2020-03-10,16:00:00,-64.6624,-54.8576,393287.4698,3919788.457,265.723048533713,1,82
443,49138,2020-03-11,04:00:00,-64.672,-54.861866,392682.6165,3919299.154,28.6451112086743,1,2
446,49138,2020-03-11,16:00:00,-64.6592,-54.8736,393535.0349,3918013.154,71.7511793980362,1,16
451,49138,2020-03-12,04:00:00,-64.672,-54.861866,392682.6165,3919299.154,28.6451112086743,1,2
455,49138,2020-03-12,16:00:00,-64.67627,-54.858665,392400.0497,3919648.749,36.4711293052809,1,83
460,49138,2020-03-13,04:00:00,-64.672,-54.861866,392682.6165,3919299.154,28.6451112086743,1,2
464,49138,2020-03-13,16:00:00,-64.6816,-54.861866,392066.4996,3919284.405,2.55663398258246,1,11
468,49138,2020-03-14,04:00:00,-64.6752,-54.861866,392477.2441,3919294.247,15.2949134950136,1,10
470,49138,2020-03-14,16:00:00,-64.6752,-54.861866,392477.2441,3919294.247,15.2949134950136,1,10
476,49138,2020-03-15,04:00:00,-64.6752,-54.861866,392477.2441,3919294.247,15.2949134950136,1,10
479,49138,2020-03-15,16:00:00,-64.6752,-54.861866,392477.2441,3919294.247,15.2949134950136,1,10
483,49138,2020-03-16,04:00:00,-64.6752,-54.861866,392477.2441,3919294.247,15.2949134950136,1,10
487,49138,2020-03-17,04:00:00,-64.6752,-54.861866,392477.2441,3919294.247,15.2949134950136,1,10
491,49138,2020-03-17,16:00:00,-64.67627,-54.859734,392402.896,3919529.812,69.0299367022912,1,83
495,49138,2020-03-18,04:00:00,-64.67627,-54.861866,392408.5727,3919292.604,8.11441890525213,1,28
499,49138,2020-03-18,16:00:00,-64.67627,-54.861866,392408.5727,3919292.604,8.11441890525213,1,28
502,49138,2020-03-19,04:00:00,-64.6752,-54.8608,392474.4075,3919412.851,52.8064337201654,1,13
505,49138,2020-03-19,16:00:00,-64.67627,-54.862934,392411.4164,3919173.778,44.0427667206927,1,21
509,49138,2020-03-20,16:00:00,-64.67627,-54.862934,392411.4164,3919173.778,44.0427667206927,1,21
516,49138,2020-03-21,16:00:00,-64.67413,-54.861866,392545.9155,3919295.889,54.1789681757994,1,10
520,49138,2020-03-22,04:00:00,-64.67413,-54.861866,392545.9155,3919295.889,54.1789681757994,1,10
523,49138,2020-03-22,16:00:00,-64.67413,-54.861866,392545.9155,3919295.889,54.1789681757994,1,10
527,49138,2020-03-23,04:00:00,-64.67413,-54.861866,392545.9155,3919295.889,54.1789681757994,1,10
532,49138,2020-03-23,16:00:00,-64.66987,-54.859734,392813.6625,3919539.623,149.367108788728,1,92
536,49138,2020-03-24,04:00:00,-64.67413,-54.861866,392545.9155,3919295.889,54.1789681757994,1,10
539,49138,2020-03-24,16:00:00,-64.6752,-54.862934,392480.086,3919175.421,20.7478309171573,1,21
544,49138,2020-03-25,04:00:00,-64.67413,-54.861866,392545.9155,3919295.889,54.1789681757994,1,10
548,49138,2020-03-25,16:00:00,-64.672,-54.864,392688.2842,3919061.725,44.3473321874219,1,23
554,49138,2020-03-26,04:00:00,-64.673065,-54.861866,392614.266,3919297.522,70.3989933585239,1,2
557,49138,2020-03-26,16:00:00,-64.673065,-54.861866,392614.266,3919297.522,70.3989933585239,1,2
560,49138,2020-03-27,04:00:00,-64.673065,-54.861866,392614.266,3919297.522,70.3989933585239,1,2
564,49138,2020-03-27,16:00:00,-64.673065,-54.861866,392614.266,3919297.522,70.3989933585239,1,2
568,49138,2020-03-28,04:00:00,-64.673065,-54.861866,392614.266,3919297.522,70.3989933585239,1,2
573,49138,2020-03-28,16:00:00,-64.673065,-54.861866,392614.266,3919297.522,70.3989933585239,1,2
577,49138,2020-03-29,04:00:00,-64.673065,-54.862934,392617.1043,3919178.696,1.84855075933725,1,18
583,49138,2020-03-29,16:00:00,-64.58453,-54.8352,398229.2816,3922396.562,5773.77981872811,0,99
585,49138,2020-03-30,04:00:00,-64.673065,-54.861866,392614.266,3919297.522,70.3989933585239,1,2
589,49138,2020-03-30,16:00:00,-64.67413,-54.856533,392531.7341,3919889.241,1.75131595618354,1,48
593,49138,2020-03-31,04:00:00,-64.67094,-54.8608,392747.8168,3919419.382,52.8592448630593,1,2
597,49138,2020-03-31,16:00:00,-64.67094,-54.8608,392747.8168,3919419.382,52.8592448630593,1,2
606,49138,2020-04-01,16:00:00,-64.67413,-54.862934,392548.7556,3919177.063,17.0309104421846,1,18
609,49138,2020-04-02,04:00:00,-64.67094,-54.8608,392747.8168,3919419.382,52.8592448630593,1,2
612,49138,2020-04-02,16:00:00,-64.67627,-54.862934,392411.4164,3919173.778,44.0427667206927,1,21
619,49138,2020-04-03,16:00:00,-64.72,-54.849068,389567.079,3920648.461,2767.3190197853,0,112
624,49138,2020-04-04,04:00:00,-64.67627,-54.861866,392408.5727,3919292.604,8.11441890525213,1,28
628,49138,2020-04-04,16:00:00,-64.67627,-54.861866,392408.5727,3919292.604,8.11441890525213,1,28
638,49138,2020-04-05,16:00:00,-64.67947,-54.859734,392197.5129,3919524.892,22.2892074602402,1,4
633,49138,2020-04-05,04:00:00,-64.6752,-54.861866,392477.2441,3919294.247,15.2949134950136,1,10
639,49138,2020-04-06,04:00:00,-64.6752,-54.861866,392477.2441,3919294.247,15.2949134950136,1,10
644,49138,2020-04-06,16:00:00,-64.67413,-54.861866,392545.9155,3919295.889,54.1789681757994,1,10
647,49138,2020-04-07,04:00:00,-64.67094,-54.8608,392747.8168,3919419.382,52.8592448630593,1,2
650,49138,2020-04-07,16:00:00,-64.67413,-54.855465,392528.8942,3920008.067,50.8821120614245,1,33
657,49138,2020-04-08,16:00:00,-64.70613,-54.794666,390310.1543,3926722.956,6521.03185501043,0,128
660,49138,2020-04-09,04:00:00,-64.71467,-54.8,389775.6751,3926116.108,6194.41725849009,0,131
663,49138,2020-04-09,16:00:00,-64.71467,-54.8,389775.6751,3926116.108,6194.41725849009,0,131
667,49138,2020-04-10,04:00:00,-64.71467,-54.8,389775.6751,3926116.108,6194.41725849009,0,131
671,49138,2020-04-10,16:00:00,-64.72107,-54.8,389364.3045,3926106.026,6390.39951602914,0,138
675,49138,2020-04-11,04:00:00,-64.72,-54.798935,389430.173,3926226.205,6459.58736236096,0,138
679,49138,2020-04-11,16:00:00,-64.724266,-54.8032,389167.6345,3925744.951,6195.42642483572,0,141
686,49138,2020-04-12,16:00:00,-64.68587,-54.805332,391641.1163,3925567.776,5024.56676141782,0,145
693,49138,2020-04-13,16:00:00,-64.717865,-54.8,389570.3111,3926111.08,6289.65844571313,0,148
698,49138,2020-04-15,04:00:00,-64.6752,-54.801067,392315.5216,3926058.739,5415.68073886388,0,150
700,49138,2020-04-15,16:00:00,-64.64854,-54.776535,393964.9273,3928828.788,8265.71570980216,0,151
702,49138,2020-04-16,04:00:00,-64.672,-54.8,392518.3713,3926182.364,5528.13890433126,0,114
704,49138,2020-04-16,16:00:00,-64.7296,-54.8064,388833.5959,3925380.477,6105.66700561789,0,120
708,49138,2020-04-17,16:00:00,-64.7296,-54.8064,388833.5959,3925380.477,6105.66700561789,0,120
706,49138,2020-04-17,04:00:00,-64.7232,-54.804268,389239.0692,3925627.811,6058.47053824187,0,122
712,49138,2020-04-18,16:00:00,-64.672,-54.798935,392515.545,3926300.855,5646.6550930096,0,114
710,49138,2020-04-18,04:00:00,-64.72107,-54.804268,389375.9639,3925631.175,5984.08712967494,0,152
716,49138,2020-04-19,16:00:00,-64.69227,-54.786133,391178.2319,3927693.925,7200.51888533282,0,85
714,49138,2020-04-19,04:00:00,-64.71574,-54.8,389706.899,3926114.425,6225.7215476963,0,131
719,49138,2020-04-20,16:00:00,-64.71574,-54.8,389706.899,3926114.425,6225.7215476963,0,131
721,49138,2020-04-21,04:00:00,-64.72213,-54.805332,389310.7464,3925511.122,5921.75697820271,0,152
723,49138,2020-04-21,16:00:00,-64.701866,-54.7968,390590.0308,3926492.193,6206.20107857777,0,154
725,49138,2020-04-22,16:00:00,-64.656,-54.88,393757.1863,3917305.943,16.8301941802587,1,49
728,49138,2020-04-23,16:00:00,-64.67094,-54.8544,392730.8309,3920131.448,200.195602230479,1,46
727,49138,2020-04-23,04:00:00,-64.656,-54.88,393757.1863,3917305.943,16.8301941802587,1,49
730,49138,2020-04-24,16:00:00,-64.67094,-54.8544,392730.8309,3920131.448,200.195602230479,1,46
733,49138,2020-04-25,16:00:00,-64.72853,-54.8064,388902.361,3925382.174,6063.6611582295,0,120
735,49138,2020-04-26,04:00:00,-64.72,-54.805332,389447.6376,3925514.484,5847.24567119651,0,152
737,49138,2020-04-26,16:00:00,-64.70827,-54.8,390187.0461,3926126.152,6020.18616618338,0,155
739,49138,2020-04-27,04:00:00,-64.71253,-54.797867,389907.4294,3926356.785,6348.48537384935,0,110
741,49138,2020-04-27,16:00:00,-64.724266,-54.8064,389176.3928,3925388.923,5901.25129233086,0,156
743,49138,2020-04-28,04:00:00,-64.725334,-54.805332,389104.8314,3925506.058,6037.95171139138,0,153
744,49138,2020-04-28,16:00:00,-64.7072,-54.8,390255.8222,3926127.828,5993.31677942574,0,155
748,49138,2020-04-29,16:00:00,-64.7296,-54.80747,388836.5337,3925261.431,6012.13873836307,0,105
746,49138,2020-04-29,04:00:00,-64.725334,-54.804268,389101.9174,3925624.437,6135.15168162847,0,153
751,49138,2020-04-30,16:00:00,-64.72747,-54.805332,388967.5547,3925502.677,6118.03809469895,0,120
753,49138,2020-05-01,16:00:00,-64.731735,-54.80747,388699.3286,3925258.043,6098.69003518306,0,103
756,49138,2020-05-02,16:00:00,-64.731735,-54.80747,388699.3286,3925258.043,6098.69003518306,0,103
760,49138,2020-05-03,16:00:00,-64.733864,-54.80747,388562.5093,3925254.66,6186.8209716769,0,113
758,49138,2020-05-03,04:00:00,-64.725334,-54.804268,389101.9174,3925624.437,6135.15168162847,0,153
764,49138,2020-05-04,16:00:00,-64.733864,-54.80747,388562.5093,3925254.66,6186.8209716769,0,113
762,49138,2020-05-04,04:00:00,-64.725334,-54.805332,389104.8314,3925506.058,6037.95171139138,0,153
766,49138,2020-05-05,04:00:00,-64.725334,-54.804268,389101.9174,3925624.437,6135.15168162847,0,153
767,49138,2020-05-05,16:00:00,-64.70506,-54.8,390393.3745,3926131.176,5941.59983578817,0,158
771,49138,2020-05-06,16:00:00,-64.733864,-54.8064,388559.5643,3925373.707,6277.75263329833,0,104
769,49138,2020-05-06,04:00:00,-64.725334,-54.805332,389104.8314,3925506.058,6037.95171139138,0,153
775,49138,2020-05-07,16:00:00,-64.731735,-54.8064,388696.3873,3925377.089,6190.91310401939,0,104
773,49138,2020-05-07,04:00:00,-64.725334,-54.805332,389104.8314,3925506.058,6037.95171139138,0,153
779,49138,2020-05-08,16:00:00,-64.733864,-54.80747,388562.5093,3925254.66,6186.8209716769,0,113
777,49138,2020-05-08,04:00:00,-64.725334,-54.804268,389101.9174,3925624.437,6135.15168162847,0,153
782,49138,2020-05-09,16:00:00,-64.733864,-54.8064,388559.5643,3925373.707,6277.75263329833,0,104
786,49138,2020-05-10,16:00:00,-64.733864,-54.80747,388562.5093,3925254.66,6186.8209716769,0,113
784,49138,2020-05-10,04:00:00,-64.73067,-54.805332,388761.897,3925497.604,6241.74278103214,0,116
788,49138,2020-05-11,04:00:00,-64.73067,-54.805332,388761.897,3925497.604,6241.74278103214,0,116
790,49138,2020-05-11,16:00:00,-64.73067,-54.804268,388758.974,3925615.983,6335.82246171343,0,116
792,49138,2020-05-12,04:00:00,-64.73067,-54.805332,388761.897,3925497.604,6241.74278103214,0,116
793,49138,2020-05-16,16:00:00,-64.72747,-54.805332,388967.5547,3925502.677,6118.03809469895,0,120
794,49138,2020-05-17,04:00:00,-64.72747,-54.805332,388967.5547,3925502.677,6118.03809469895,0,120
795,49138,2020-05-17,16:00:00,-64.695465,-54.8064,391027.3345,3925434.077,5062.68619604186,0,160
796,49138,2020-05-18,04:00:00,-64.72747,-54.805332,388967.5547,3925502.677,6118.03809469895,0,120
797,49138,2020-05-19,04:00:00,-64.72747,-54.805332,388967.5547,3925502.677,6118.03809469895,0,120
798,49138,2020-05-19,16:00:00,-64.72853,-54.8128,388919.922,3924670.119,5514.6697375983,0,161
799,49138,2020-05-20,04:00:00,-64.724266,-54.804268,389170.5576,3925626.127,6096.51096533897,0,122
800,49138,2020-05-20,16:00:00,-64.724266,-54.80213,389164.706,3925863.997,6295.21858269555,0,141
802,49138,2020-05-21,16:00:00,-64.72747,-54.808533,388976.3323,3925146.539,5834.35725841831,0,105
801,49138,2020-05-21,04:00:00,-64.72853,-54.805332,388899.4306,3925500.998,6158.53048826793,0,120
803,49138,2020-05-22,16:00:00,-64.709335,-54.795734,390107.0175,3926599.113,6484.54579555552,0,162
804,49138,2020-05-23,04:00:00,-64.72747,-54.805332,388967.5547,3925502.677,6118.03809469895,0,120
805,49138,2020-05-23,16:00:00,-64.709335,-54.792534,390098.3362,3926955.14,6815.63526969716,0,163
806,49138,2020-05-24,04:00:00,-64.7296,-54.805332,388830.6638,3925499.301,6199.89464484319,0,120
1,49152,2020-01-14,04:00:00,-64.6656,-54.8736,393124.4086,3918003.407,107.89794696585,1,1
4,49152,2020-01-14,16:00:00,-64.6656,-54.8736,393124.4086,3918003.407,107.89794696585,1,1
8,49152,2020-01-15,04:00:00,-64.6656,-54.8736,393124.4086,3918003.407,107.89794696585,1,1
12,49152,2020-01-15,16:00:00,-64.6688,-54.8736,392919.0957,3917998.52,1.89643027650737,1,5
16,49152,2020-01-16,04:00:00,-64.6688,-54.8736,392919.0957,3917998.52,1.89643027650737,1,5
20,49152,2020-01-16,16:00:00,-64.6688,-54.8736,392919.0957,3917998.52,1.89643027650737,1,5
25,49152,2020-01-17,04:00:00,-64.66987,-54.8736,392850.4442,3917996.883,18.0373335730461,1,5
30,49152,2020-01-17,16:00:00,-64.66987,-54.87253,392847.6056,3918115.932,61.96712003856,1,5
35,49152,2020-01-18,04:00:00,-64.66987,-54.8736,392850.4442,3917996.883,18.0373335730461,1,5
39,49152,2020-01-18,16:00:00,-64.66987,-54.8736,392850.4442,3917996.883,18.0373335730461,1,5
44,49152,2020-01-19,04:00:00,-64.66987,-54.8736,392850.4442,3917996.883,18.0373335730461,1,5
47,49152,2020-01-19,16:00:00,-64.6688,-54.8736,392919.0957,3917998.52,1.89643027650737,1,5
52,49152,2020-01-20,04:00:00,-64.6688,-54.8736,392919.0957,3917998.52,1.89643027650737,1,5
55,49152,2020-01-20,16:00:00,-64.6688,-54.8736,392919.0957,3917998.52,1.89643027650737,1,5
60,49152,2020-01-21,04:00:00,-64.6688,-54.8736,392919.0957,3917998.52,1.89643027650737,1,5
64,49152,2020-01-21,16:00:00,-64.6688,-54.8736,392919.0957,3917998.52,1.89643027650737,1,5
69,49152,2020-01-22,04:00:00,-64.6688,-54.8736,392919.0957,3917998.52,1.89643027650737,1,5
72,49152,2020-01-22,16:00:00,-64.66773,-54.8736,392987.7472,3918000.155,4.06880995747202,1,5
79,49152,2020-01-23,16:00:00,-64.66773,-54.8736,392987.7472,3918000.155,4.06880995747202,1,5
76,49152,2020-01-23,04:00:00,-64.66773,-54.87467,392990.5821,3917881.106,13.3917908745856,1,17
87,49152,2020-01-24,16:00:00,-64.66773,-54.8736,392987.7472,3918000.155,4.06880995747202,1,5
92,49152,2020-01-25,04:00:00,-64.66773,-54.8736,392987.7472,3918000.155,4.06880995747202,1,5
94,49152,2020-01-25,16:00:00,-64.66773,-54.87253,392984.9123,3918119.204,95.729145808036,1,5
101,49152,2020-01-26,16:00:00,-64.6688,-54.8736,392919.0957,3917998.52,1.89643027650737,1,5
109,49152,2020-01-27,16:00:00,-64.6688,-54.87253,392916.2589,3918117.569,47.9235613296878,1,5
114,49152,2020-01-28,04:00:00,-64.66987,-54.8736,392850.4442,3917996.883,18.0373335730461,1,5
117,49152,2020-01-28,16:00:00,-64.66987,-54.87253,392847.6056,3918115.932,61.96712003856,1,5
121,49152,2020-01-29,04:00:00,-64.66987,-54.8736,392850.4442,3917996.883,18.0373335730461,1,5
124,49152,2020-01-29,16:00:00,-64.66987,-54.87253,392847.6056,3918115.932,61.96712003856,1,5
130,49152,2020-01-30,16:00:00,-64.67094,-54.869335,392770.4712,3918469.773,225.677529687475,1,20
137,49152,2020-01-31,16:00:00,-64.67094,-54.871468,392776.1332,3918232.454,146.835478546794,1,22
141,49152,2020-02-01,04:00:00,-64.67094,-54.871468,392776.1332,3918232.454,146.835478546794,1,22
145,49152,2020-02-01,16:00:00,-64.67094,-54.865067,392759.1424,3918944.633,36.2924384651368,1,23
152,49152,2020-02-02,16:00:00,-64.67094,-54.8704,392773.2982,3918351.28,265.683795101791,1,22
149,49152,2020-02-02,04:00:00,-64.67094,-54.8672,392764.8041,3918707.314,21.0774256553349,1,25
161,49152,2020-02-03,16:00:00,-64.67413,-54.862934,392548.7556,3919177.063,17.0309104421846,1,18
156,49152,2020-02-03,04:00:00,-64.67094,-54.8672,392764.8041,3918707.314,21.0774256553349,1,25
169,49152,2020-02-04,16:00:00,-64.680534,-54.8576,392123.5267,3919760.683,117.71712145324,1,26
174,49152,2020-02-05,16:00:00,-64.67947,-54.861866,392203.2004,3919287.685,6.36743167842134,1,6
178,49152,2020-02-06,04:00:00,-64.673065,-54.8672,392628.4419,3918704.059,68.8241993309245,1,31
186,49152,2020-02-06,16:00:00,-64.673065,-54.855465,392597.2556,3920009.7,30.5312344829691,1,33
191,49152,2020-02-07,16:00:00,-64.65707,-54.85227,393615.552,3920389.583,749.271363341148,0,35
196,49152,2020-02-08,16:00:00,-64.66987,-54.864,392824.9781,3919064.986,111.807028923392,1,38
201,49152,2020-02-09,04:00:00,-64.67094,-54.864,392756.3102,3919063.348,59.7371502212687,1,23
208,49152,2020-02-09,16:00:00,-64.6272,-54.8576,395546.8161,3919841.509,2363.78534800298,0,42
214,49152,2020-02-10,16:00:00,-64.66773,-54.866135,392967.9698,3918830.716,102.59683518549,1,45
224,49152,2020-02-11,16:00:00,-64.6816,-54.8608,392063.6522,3919403.009,39.2051224232796,1,11
219,49152,2020-02-11,04:00:00,-64.6688,-54.862934,392890.8201,3919185.226,119.172237509283,1,38
233,49152,2020-02-12,16:00:00,-64.658134,-54.875732,393609.0462,3917777.566,24.757600317679,1,37
236,49152,2020-02-13,04:00:00,-64.66987,-54.8736,392850.4442,3917996.883,18.0373335730461,1,5
240,49152,2020-02-13,16:00:00,-64.67947,-54.8608,392200.3566,3919406.288,37.4401141962294,1,6
247,49152,2020-02-14,04:00:00,-64.67947,-54.859734,392197.5129,3919524.892,22.2892074602402,1,4
256,49152,2020-02-15,16:00:00,-64.6816,-54.8608,392063.6522,3919403.009,39.2051224232796,1,11
263,49152,2020-02-16,16:00:00,-64.6816,-54.8608,392063.6522,3919403.009,39.2051224232796,1,11
271,49152,2020-02-17,16:00:00,-64.673065,-54.8672,392628.4419,3918704.059,68.8241993309245,1,31
268,49152,2020-02-17,04:00:00,-64.673065,-54.866135,392625.6114,3918822.551,15.3290596259826,1,32
277,49152,2020-02-18,04:00:00,-64.673065,-54.866135,392625.6114,3918822.551,15.3290596259826,1,32
280,49152,2020-02-18,16:00:00,-64.664536,-54.8704,393184.2133,3918361.065,404.669102712639,0,51
288,49152,2020-02-19,16:00:00,-64.673065,-54.866135,392625.6114,3918822.551,15.3290596259826,1,32
300,49152,2020-02-21,16:00:00,-64.66347,-54.8736,393261.0702,3918006.655,209.424804338762,1,1
308,49152,2020-02-22,16:00:00,-64.67947,-54.8608,392200.3566,3919406.288,37.4401141962294,1,6
304,49152,2020-02-22,04:00:00,-64.673065,-54.866135,392625.6114,3918822.551,15.3290596259826,1,32
316,49152,2020-02-23,16:00:00,-64.73814,-54.82453,388334.7891,3923349.785,5130.61726229153,0,61
321,49152,2020-02-24,16:00:00,-64.68266,-54.8608,391995.6209,3919401.375,106.814941132125,1,11
329,49152,2020-02-25,16:00:00,-64.673065,-54.8672,392628.4419,3918704.059,68.8241993309245,1,31
337,49152,2020-02-26,16:00:00,-64.6688,-54.8704,392910.6121,3918354.554,282.481664154567,1,64
344,49152,2020-02-27,16:00:00,-64.67094,-54.868267,392767.6363,3918588.599,113.650091825638,1,20
340,49152,2020-02-27,04:00:00,-64.6752,-54.866135,392488.604,3918819.276,140.634432980177,1,32
346,49152,2020-02-28,04:00:00,-64.672,-54.866135,392693.9547,3918824.183,12.0714185664722,1,25
353,49152,2020-02-28,16:00:00,-64.67094,-54.8672,392764.8041,3918707.314,21.0774256553349,1,25
354,49152,2020-02-29,04:00:00,-64.67094,-54.871468,392776.1332,3918232.454,146.835478546794,1,22
360,49152,2020-02-29,16:00:00,-64.69227,-54.8064,391232.6668,3925439.039,5003.2876666238,0,70
366,49152,2020-03-01,04:00:00,-64.72747,-54.817066,388999.7327,3924197.169,5122.62192283551,0,71
376,49152,2020-03-02,16:00:00,-64.673065,-54.8672,392628.4419,3918704.059,68.8241993309245,1,31
387,49152,2020-03-03,16:00:00,-64.65493,-54.781868,393567.9616,3928225.761,7615.63916344709,0,73
392,49152,2020-03-04,16:00:00,-64.672,-54.865067,392691.1181,3918943.01,85.114295847006,1,23
402,49152,2020-03-05,16:00:00,-64.672,-54.865067,392691.1181,3918943.01,85.114295847006,1,23
397,49152,2020-03-05,04:00:00,-64.673065,-54.866135,392625.6114,3918822.551,15.3290596259826,1,32
405,49152,2020-03-06,04:00:00,-64.673065,-54.866135,392625.6114,3918822.551,15.3290596259826,1,32
410,49152,2020-03-06,16:00:00,-64.673065,-54.866135,392625.6114,3918822.551,15.3290596259826,1,32
416,49152,2020-03-07,16:00:00,-64.672,-54.8672,392696.7834,3918705.691,11.899765547187,1,25
424,49152,2020-03-08,16:00:00,-64.672,-54.864,392688.2842,3919061.725,44.3473321874219,1,23
419,49152,2020-03-08,04:00:00,-64.673065,-54.8672,392628.4419,3918704.059,68.8241993309245,1,31
427,49152,2020-03-09,04:00:00,-64.673065,-54.8672,392628.4419,3918704.059,68.8241993309245,1,31
429,49152,2020-03-09,16:00:00,-64.65493,-54.8928,393859.4854,3915883.422,1068.89273492209,0,57
434,49152,2020-03-10,04:00:00,-64.673065,-54.8672,392628.4419,3918704.059,68.8241993309245,1,31
441,49152,2020-03-10,16:00:00,-64.69973,-54.8032,390744.6033,3925783.467,5487.99981648558,0,81
447,49152,2020-03-11,16:00:00,-64.67413,-54.866135,392557.2681,3918820.918,74.0876730270578,1,32
445,49152,2020-03-11,04:00:00,-64.7008,-54.8032,390675.8325,3925781.799,5511.34460571234,0,81
457,49152,2020-03-12,16:00:00,-64.67094,-54.8544,392730.8309,3920131.448,200.195602230479,1,46
459,49152,2020-03-13,04:00:00,-64.6752,-54.865067,392485.762,3918938.103,107.534899589278,1,32
462,49152,2020-03-13,16:00:00,-64.6752,-54.866135,392488.604,3918819.276,140.634432980177,1,32
473,49152,2020-03-14,16:00:00,-64.69334,-54.78507,391106.5755,3927810.532,7329.80596426969,0,85
477,49152,2020-03-15,04:00:00,-64.66347,-54.850132,393199.0601,3920617.72,479.476429630728,0,87
489,49152,2020-03-17,16:00:00,-64.673065,-54.866135,392625.6114,3918822.551,15.3290596259826,1,32
497,49152,2020-03-18,16:00:00,-64.66987,-54.8672,392833.4664,3918708.952,61.1113751389389,1,25
504,49152,2020-03-19,16:00:00,-64.67094,-54.866135,392761.9772,3918825.807,26.9074860925813,1,25
508,49152,2020-03-20,16:00:00,-64.66987,-54.869335,392839.1299,3918471.41,250.871154128853,1,20
526,49152,2020-03-22,16:00:00,-64.69867,-54.804268,390815.611,3925666.294,5353.26586203118,0,91
530,49152,2020-03-23,16:00:00,-64.673065,-54.868267,392631.2777,3918585.344,128.524968140033,1,31
535,49152,2020-03-24,04:00:00,-64.673065,-54.866135,392625.6114,3918822.551,15.3290596259826,1,32
538,49152,2020-03-24,16:00:00,-64.65493,-54.8736,393808.9999,3918019.637,90.3091348248778,1,34
543,49152,2020-03-25,04:00:00,-64.673065,-54.866135,392625.6114,3918822.551,15.3290596259826,1,32
547,49152,2020-03-25,16:00:00,-64.66026,-54.87467,393469.8472,3917892.493,41.2698994528723,1,58
552,49152,2020-03-26,04:00:00,-64.673065,-54.865067,392622.773,3918941.378,116.243825012706,1,32
556,49152,2020-03-26,16:00:00,-64.66026,-54.875732,393472.6484,3917774.334,30.5868531585871,1,58
563,49152,2020-03-27,16:00:00,-64.67413,-54.866135,392557.2681,3918820.918,74.0876730270578,1,32
571,49152,2020-03-28,16:00:00,-64.66133,-54.88,393415.2656,3917297.845,197.790795993737,1,96
579,49152,2020-03-29,16:00:00,-64.67094,-54.868267,392767.6363,3918588.599,113.650091825638,1,20
584,49152,2020-03-30,04:00:00,-64.67094,-54.866135,392761.9772,3918825.807,26.9074860925813,1,25
588,49152,2020-03-30,16:00:00,-64.6592,-54.88,393551.9055,3917301.084,65.7617766698449,1,96
599,49152,2020-03-31,16:00:00,-64.67733,-54.8544,392320.6521,3920121.645,238.056279893318,1,19
604,49152,2020-04-01,16:00:00,-64.66026,-54.881065,393486.7156,3917180.979,116.441848907066,1,96
611,49152,2020-04-02,16:00:00,-64.6752,-54.8704,392499.9539,3918344.75,378.875498646952,0,106
616,49152,2020-04-03,04:00:00,-64.67413,-54.866135,392557.2681,3918820.918,74.0876730270578,1,32
621,49152,2020-04-03,16:00:00,-64.67413,-54.798935,392378.6311,3926297.587,5649.93683077138,0,114
626,49152,2020-04-04,04:00:00,-64.5088,-54.795734,402998.3293,3926895.009,12023.1696141582,0,117
631,49152,2020-04-04,16:00:00,-64.5248,-54.770134,401907.8181,3929721.057,12906.6841561878,0,118
637,49152,2020-04-05,16:00:00,-64.67413,-54.871468,392571.4512,3918227.566,248.73295584288,1,80
634,49152,2020-04-05,04:00:00,-64.7264,-54.8544,389170.8278,3920045.12,2972.2501137224,0,97
643,49152,2020-04-06,16:00:00,-64.67413,-54.866135,392557.2681,3918820.918,74.0876730270578,1,32
649,49152,2020-04-07,16:00:00,-64.673065,-54.871468,392639.7855,3918229.199,198.332188999634,1,80
658,49152,2020-04-08,16:00:00,-64.2304,-54.756268,420818.7639,3931635.886,30008.7616226198,0,129
665,49152,2020-04-09,16:00:00,-64.2624,-54.734932,418716.8243,3933973.252,29208.7047626203,0,134
668,49152,2020-04-10,04:00:00,-64.13333,-54.7712,427092.1754,3930079.69,35053.9781715172,0,136
672,49152,2020-04-10,16:00:00,-63.81333,-54.754135,447655.4051,3932264.208,55257.0432017605,0,139
676,49152,2020-04-11,04:00:00,-63.81333,-54.754135,447655.4051,3932264.208,55257.0432017605,0,139
680,49152,2020-04-11,16:00:00,-63.800533,-54.7264,448443.7707,3935359.772,56927.1607032186,0,142
687,49152,2020-04-12,16:00:00,-63.808,-54.753067,447997.0589,3932387.009,55619.2448548158,0,146
694,49152,2020-04-13,16:00:00,-63.808,-54.718933,447953.3227,3936185.115,56733.5903752792,0,149
697,49152,2020-04-15,04:00:00,-63.808,-54.718933,447953.3227,3936185.115,56733.5903752792,0,149
3,49178,2020-01-14,04:00:00,-64.67627,-54.856533,392394.3732,3919885.956,17.5017477191471,1,3
7,49178,2020-01-14,16:00:00,-64.67627,-54.856533,392394.3732,3919885.956,17.5017477191471,1,3
11,49178,2020-01-15,04:00:00,-64.67627,-54.856533,392394.3732,3919885.956,17.5017477191471,1,3
15,49178,2020-01-15,16:00:00,-64.67733,-54.856533,392326.3346,3919884.327,78.731241039509,1,3
19,49178,2020-01-16,04:00:00,-64.67733,-54.856533,392326.3346,3919884.327,78.731241039509,1,3
24,49178,2020-01-16,16:00:00,-64.67733,-54.856533,392326.3346,3919884.327,78.731241039509,1,3
29,49178,2020-01-17,04:00:00,-64.67733,-54.856533,392326.3346,3919884.327,78.731241039509,1,3
34,49178,2020-01-17,16:00:00,-64.67733,-54.856533,392326.3346,3919884.327,78.731241039509,1,3
42,49178,2020-01-18,16:00:00,-64.67733,-54.856533,392326.3346,3919884.327,78.731241039509,1,3
46,49178,2020-01-19,04:00:00,-64.67733,-54.856533,392326.3346,3919884.327,78.731241039509,1,3
51,49178,2020-01-19,16:00:00,-64.67733,-54.8576,392329.1773,3919765.613,0.0726034828750366,1,12
54,49178,2020-01-20,04:00:00,-64.67733,-54.856533,392326.3346,3919884.327,78.731241039509,1,3
59,49178,2020-01-20,16:00:00,-64.67733,-54.856533,392326.3346,3919884.327,78.731241039509,1,3
63,49178,2020-01-21,04:00:00,-64.67733,-54.856533,392326.3346,3919884.327,78.731241039509,1,3
68,49178,2020-01-21,16:00:00,-64.6784,-54.8576,392260.4987,3919763.967,42.7825007043546,1,12
71,49178,2020-01-22,04:00:00,-64.6784,-54.856533,392257.6542,3919882.682,121.069035763666,1,15
75,49178,2020-01-22,16:00:00,-64.6784,-54.856533,392257.6542,3919882.682,121.069035763666,1,15
78,49178,2020-01-23,04:00:00,-64.6784,-54.856533,392257.6542,3919882.682,121.069035763666,1,15
83,49178,2020-01-23,16:00:00,-64.6784,-54.856533,392257.6542,3919882.682,121.069035763666,1,15
86,49178,2020-01-24,04:00:00,-64.6784,-54.856533,392257.6542,3919882.682,121.069035763666,1,15
91,49178,2020-01-24,16:00:00,-64.6784,-54.856533,392257.6542,3919882.682,121.069035763666,1,15
93,49178,2020-01-25,04:00:00,-64.6784,-54.856533,392257.6542,3919882.682,121.069035763666,1,15
98,49178,2020-01-25,16:00:00,-64.6784,-54.856533,392257.6542,3919882.682,121.069035763666,1,15
105,49178,2020-01-26,16:00:00,-64.67733,-54.8576,392329.1773,3919765.613,0.0726034828750366,1,12
100,49178,2020-01-26,04:00:00,-64.6784,-54.856533,392257.6542,3919882.682,121.069035763666,1,15
108,49178,2020-01-27,04:00:00,-64.67733,-54.856533,392326.3346,3919884.327,78.731241039509,1,3
113,49178,2020-01-27,16:00:00,-64.67733,-54.8576,392329.1773,3919765.613,0.0726034828750366,1,12
116,49178,2020-01-28,04:00:00,-64.67733,-54.856533,392326.3346,3919884.327,78.731241039509,1,3
120,49178,2020-01-28,16:00:00,-64.67733,-54.855465,392323.4893,3920003.153,154.370300093044,1,19
123,49178,2020-01-29,04:00:00,-64.67733,-54.856533,392326.3346,3919884.327,78.731241039509,1,3
128,49178,2020-01-29,16:00:00,-64.67733,-54.8576,392329.1773,3919765.613,0.0726034828750366,1,12
133,49178,2020-01-30,16:00:00,-64.67733,-54.8576,392329.1773,3919765.613,0.0726034828750366,1,12
135,49178,2020-01-31,04:00:00,-64.67733,-54.856533,392326.3346,3919884.327,78.731241039509,1,3
140,49178,2020-01-31,16:00:00,-64.67733,-54.8544,392320.6521,3920121.645,238.056279893318,1,19
143,49178,2020-02-01,04:00:00,-64.67733,-54.856533,392326.3346,3919884.327,78.731241039509,1,3
148,49178,2020-02-01,16:00:00,-64.673065,-54.853333,392591.5901,3920246.907,262.939005928729,1,24
150,49178,2020-02-02,04:00:00,-64.67733,-54.856533,392326.3346,3919884.327,78.731241039509,1,3
155,49178,2020-02-02,16:00:00,-64.67733,-54.855465,392323.4893,3920003.153,154.370300093044,1,19
158,49178,2020-02-03,04:00:00,-64.67733,-54.856533,392326.3346,3919884.327,78.731241039509,1,3
162,49178,2020-02-03,16:00:00,-64.673065,-54.853333,392591.5901,3920246.907,262.939005928729,1,24
165,49178,2020-02-04,04:00:00,-64.67733,-54.856533,392326.3346,3919884.327,78.731241039509,1,3
170,49178,2020-02-04,16:00:00,-64.67627,-54.853333,392385.8534,3920241.989,317.91575034342,1,30
172,49178,2020-02-05,04:00:00,-64.67733,-54.856533,392326.3346,3919884.327,78.731241039509,1,3
176,49178,2020-02-05,16:00:00,-64.6784,-54.859734,392266.1878,3919526.538,64.2543026576429,1,4
181,49178,2020-02-06,04:00:00,-64.67733,-54.856533,392326.3346,3919884.327,78.731241039509,1,3
185,49178,2020-02-06,16:00:00,-64.67947,-54.856533,392188.9738,3919881.036,159.620518864455,1,15
187,49178,2020-02-07,04:00:00,-64.67947,-54.856533,392188.9738,3919881.036,159.620518864455,1,15
190,49178,2020-02-07,16:00:00,-64.658134,-54.85227,393547.2493,3920387.967,691.245250140773,0,35
193,49178,2020-02-08,04:00:00,-64.67094,-54.85227,392725.178,3920368.433,283.448949800735,1,36
198,49178,2020-02-08,16:00:00,-64.66133,-54.85227,393342.0844,3920383.106,531.85991339582,0,39
199,49178,2020-02-09,04:00:00,-64.65493,-54.878933,393823.0216,3917426.281,62.1458835512454,1,40
204,49178,2020-02-09,16:00:00,-64.65493,-54.882133,393831.4355,3917070.246,156.355840973247,1,41
217,49178,2020-02-10,16:00:00,-64.67413,-54.853333,392523.2252,3920245.274,267.249555510959,1,24
212,49178,2020-02-10,04:00:00,-64.6816,-54.856533,392052.2549,3919877.756,254.283464280792,1,43
222,49178,2020-02-11,04:00:00,-64.67733,-54.856533,392326.3346,3919884.327,78.731241039509,1,3
227,49178,2020-02-11,16:00:00,-64.6784,-54.858665,392263.3379,3919645.475,4.26675332030062,1,12
232,49178,2020-02-12,16:00:00,-64.65387,-54.877865,393888.2164,3917546.715,68.7096662743736,1,40
230,49178,2020-02-12,04:00:00,-64.6688,-54.8544,392868.1991,3920134.723,158.525245672516,1,46
238,49178,2020-02-13,04:00:00,-64.6688,-54.85227,392862.5535,3920371.708,315.593764364023,1,9
243,49178,2020-02-13,16:00:00,-64.673065,-54.856533,392600.0936,3919890.874,5.46997265332553,1,48
248,49178,2020-02-14,04:00:00,-64.6688,-54.85227,392862.5535,3920371.708,315.593764364023,1,9
252,49178,2020-02-14,16:00:00,-64.67094,-54.85227,392725.178,3920368.433,283.448949800735,1,36
257,49178,2020-02-15,16:00:00,-64.67733,-54.855465,392323.4893,3920003.153,154.370300093044,1,19
264,49178,2020-02-16,16:00:00,-64.67733,-54.8608,392337.7029,3919409.579,87.0031967344288,1,13
270,49178,2020-02-17,04:00:00,-64.6688,-54.853333,392865.371,3920253.438,275.226468323054,1,9
274,49178,2020-02-17,16:00:00,-64.6784,-54.8576,392260.4987,3919763.967,42.7825007043546,1,12
279,49178,2020-02-18,04:00:00,-64.66987,-54.85227,392793.8658,3920370.071,292.603674969537,1,9
283,49178,2020-02-18,16:00:00,-64.73067,-54.845867,388873.2813,3920987.731,3538.93728029758,0,52
286,49178,2020-02-19,04:00:00,-64.67094,-54.853333,392727.9991,3920250.163,301.679629320892,1,36
291,49178,2020-02-19,16:00:00,-64.67094,-54.853333,392727.9991,3920250.163,301.679629320892,1,36
295,49178,2020-02-20,16:00:00,-64.67733,-54.862934,392343.3887,3919172.15,1.84590333875455,1,21
293,49178,2020-02-20,04:00:00,-64.67094,-54.853333,392727.9991,3920250.163,301.679629320892,1,36
299,49178,2020-02-21,16:00:00,-64.664536,-54.87467,393195.5048,3917885.981,141.705309310872,1,55
312,49178,2020-02-23,04:00:00,-64.66987,-54.853333,392796.6851,3920251.801,289.319924082059,1,9
315,49178,2020-02-23,16:00:00,-64.69013,-54.8448,391473.243,3921169.992,1331.35486526093,0,60
323,49178,2020-02-24,16:00:00,-64.6752,-54.8544,392457.3783,3920124.917,184.071768453494,1,30
318,49178,2020-02-24,04:00:00,-64.672,-54.85227,392657.1322,3920366.809,289.236902450078,1,36
332,49178,2020-02-25,16:00:00,-64.6752,-54.8544,392457.3783,3920124.917,184.071768453494,1,30
327,49178,2020-02-25,04:00:00,-64.67094,-54.853333,392727.9991,3920250.163,301.679629320892,1,36
335,49178,2020-02-26,04:00:00,-64.67094,-54.85227,392725.178,3920368.433,283.448949800735,1,36
339,49178,2020-02-26,16:00:00,-64.67094,-54.848,392713.8463,3920843.515,185.744705583478,1,65
343,49178,2020-02-27,16:00:00,-64.672,-54.8704,392705.2829,3918349.657,273.556972167977,1,22
342,49178,2020-02-27,04:00:00,-64.67094,-54.853333,392727.9991,3920250.163,301.679629320892,1,36
349,49178,2020-02-28,04:00:00,-64.672,-54.85227,392657.1322,3920366.809,289.236902450078,1,36
352,49178,2020-02-28,16:00:00,-64.65707,-54.875732,393677.3092,3917779.182,52.3029584661086,1,37
356,49178,2020-02-29,04:00:00,-64.666664,-54.85227,392999.6723,3920374.972,380.081043225559,0,68
359,49178,2020-02-29,16:00:00,-64.666664,-54.855465,393008.1299,3920019.495,38.434008977617,1,69
370,49178,2020-03-01,16:00:00,-64.6688,-54.855465,392871.022,3920016.231,42.5857513412872,1,46
365,49178,2020-03-01,04:00:00,-64.66773,-54.85227,392931.2413,3920373.343,350.609424007425,1,68
374,49178,2020-03-02,04:00:00,-64.66987,-54.853333,392796.6851,3920251.801,289.319924082059,1,9
379,49178,2020-03-02,16:00:00,-64.6784,-54.858665,392263.3379,3919645.475,4.26675332030062,1,12
382,49178,2020-03-03,04:00:00,-64.66987,-54.853333,392796.6851,3920251.801,289.319924082059,1,9
386,49178,2020-03-03,16:00:00,-64.6688,-54.845867,392845.5832,3921084.108,445.115774878211,0,72
390,49178,2020-03-04,04:00:00,-64.66987,-54.853333,392796.6851,3920251.801,289.319924082059,1,9
394,49178,2020-03-04,16:00:00,-64.66987,-54.84693,392779.7036,3920964.201,312.725993714211,1,72
399,49178,2020-03-05,04:00:00,-64.66987,-54.85227,392793.8658,3920370.071,292.603674969537,1,9
401,49178,2020-03-05,16:00:00,-64.66987,-54.866135,392830.6414,3918827.444,3.85044152460807,1,25
409,49178,2020-03-06,04:00:00,-64.66987,-54.853333,392796.6851,3920251.801,289.319924082059,1,9
412,49178,2020-03-06,16:00:00,-64.65707,-54.821335,393534.1517,3923831.422,3277.03331430611,0,76
418,49178,2020-03-07,16:00:00,-64.66987,-54.8512,392791.028,3920489.119,178.887550138432,1,79
426,49178,2020-03-08,16:00:00,-64.67947,-54.859734,392197.5129,3919524.892,22.2892074602402,1,4
423,49178,2020-03-08,04:00:00,-64.66987,-54.853333,392796.6851,3920251.801,289.319924082059,1,9
428,49178,2020-03-09,04:00:00,-64.66987,-54.853333,392796.6851,3920251.801,289.319924082059,1,9
432,49178,2020-03-09,16:00:00,-64.6912,-54.805332,391298.5652,3925559.524,5100.06706036521,0,70
440,49178,2020-03-10,16:00:00,-64.673065,-54.855465,392597.2556,3920009.7,30.5312344829691,1,33
450,49178,2020-03-11,16:00:00,-64.673065,-54.8544,392594.4255,3920128.193,144.669479490125,1,33
444,49178,2020-03-11,04:00:00,-64.672,-54.853333,392659.9551,3920248.54,276.051417591417,1,36
456,49178,2020-03-12,16:00:00,-64.67413,-54.8576,392534.5714,3919770.526,51.1367364585953,1,48
465,49178,2020-03-13,16:00:00,-64.66987,-54.855465,392802.3396,3920014.594,77.2260153545012,1,46
469,49178,2020-03-14,04:00:00,-64.666664,-54.8512,392996.84,3920494.021,319.129498945065,1,84
474,49178,2020-03-14,16:00:00,-64.3456,-54.727467,413344.1468,3934704.278,24953.6763472081,0,86
480,49178,2020-03-15,16:00:00,-64.673065,-54.861866,392614.266,3919297.522,70.3989933585239,1,2
485,49178,2020-03-16,16:00:00,-64.67094,-54.8544,392730.8309,3920131.448,200.195602230479,1,46
484,49178,2020-03-16,04:00:00,-64.664536,-54.8512,393133.4489,3920497.269,441.511722463192,0,84
492,49178,2020-03-17,16:00:00,-64.66987,-54.8544,392799.515,3920133.086,179.357947813977,1,46
488,49178,2020-03-17,04:00:00,-64.664536,-54.8512,393133.4489,3920497.269,441.511722463192,0,84
500,49178,2020-03-18,16:00:00,-64.67413,-54.8544,392526.0624,3920126.559,152.362129098135,1,33
496,49178,2020-03-18,04:00:00,-64.66987,-54.8512,392791.028,3920489.119,178.887550138432,1,79
503,49178,2020-03-19,04:00:00,-64.664536,-54.85227,393136.2776,3920378.22,414.230192553969,0,88
511,49178,2020-03-20,16:00:00,-64.67413,-54.8544,392526.0624,3920126.559,152.362129098135,1,33
514,49178,2020-03-21,04:00:00,-64.66987,-54.853333,392796.6851,3920251.801,289.319924082059,1,9
518,49178,2020-03-21,16:00:00,-64.672,-54.85227,392657.1322,3920366.809,289.236902450078,1,36
524,49178,2020-03-22,16:00:00,-64.67627,-54.855465,392391.5297,3920004.782,103.824980795075,1,19
521,49178,2020-03-22,04:00:00,-64.672,-54.853333,392659.9551,3920248.54,276.051417591417,1,36
529,49178,2020-03-23,04:00:00,-64.66987,-54.853333,392796.6851,3920251.801,289.319924082059,1,9
533,49178,2020-03-23,16:00:00,-64.673065,-54.8576,392602.9291,3919772.159,25.5698327258112,1,48
537,49178,2020-03-24,04:00:00,-64.6688,-54.85227,392862.5535,3920371.708,315.593764364023,1,9
541,49178,2020-03-24,16:00:00,-64.673065,-54.855465,392597.2556,3920009.7,30.5312344829691,1,33
550,49178,2020-03-25,16:00:00,-64.6752,-54.8544,392457.3783,3920124.917,184.071768453494,1,30
546,49178,2020-03-25,04:00:00,-64.672,-54.853333,392659.9551,3920248.54,276.051417591417,1,36
555,49178,2020-03-26,04:00:00,-64.67413,-54.853333,392523.2252,3920245.274,267.249555510959,1,24
558,49178,2020-03-26,16:00:00,-64.67413,-54.8544,392526.0624,3920126.559,152.362129098135,1,33
566,49178,2020-03-27,16:00:00,-64.67413,-54.853333,392523.2252,3920245.274,267.249555510959,1,24
570,49178,2020-03-28,04:00:00,-64.673065,-54.853333,392591.5901,3920246.907,262.939005928729,1,24
574,49178,2020-03-28,16:00:00,-64.673065,-54.856533,392600.0936,3919890.874,5.46997265332553,1,48
582,49178,2020-03-29,16:00:00,-64.6688,-54.855465,392871.022,3920016.231,42.5857513412872,1,46
587,49178,2020-03-30,04:00:00,-64.66987,-54.853333,392796.6851,3920251.801,289.319924082059,1,9
590,49178,2020-03-30,16:00:00,-64.673065,-54.856533,392600.0936,3919890.874,5.46997265332553,1,48
600,49178,2020-03-31,16:00:00,-64.673065,-54.8544,392594.4255,3920128.193,144.669479490125,1,33
595,49178,2020-03-31,04:00:00,-64.66347,-54.85227,393204.7087,3920379.846,446.332468863968,0,88
605,49178,2020-04-01,16:00:00,-64.67094,-54.871468,392776.1332,3918232.454,146.835478546794,1,22
603,49178,2020-04-01,04:00:00,-64.66987,-54.8544,392799.515,3920133.086,179.357947813977,1,46
614,49178,2020-04-02,16:00:00,-64.74987,-54.834133,387607.9662,3922262.617,5253.13995007832,0,108
623,49178,2020-04-03,16:00:00,-64.546135,-54.725334,400425.5552,3934675.494,15996.9458933191,0,100
617,49178,2020-04-03,04:00:00,-64.71467,-54.797867,389769.87,3926353.423,6407.22725620016,0,110
629,49178,2020-04-04,16:00:00,-64.680534,-54.855465,392117.8278,3919998.224,294.116134017946,1,15
636,49178,2020-04-05,16:00:00,-64.60907,-54.907734,396838.683,3914290.38,3648.03160129958,0,121
642,49178,2020-04-06,16:00:00,-64.6592,-54.882133,393557.5284,3917063.764,74.5956770262561,1,123
651,49178,2020-04-07,16:00:00,-64.67413,-54.8544,392526.0624,3920126.559,152.362129098135,1,33
655,49178,2020-04-08,16:00:00,-64.57387,-54.814934,398863.2498,3924666.821,7336.14573451339,0,127
666,49178,2020-04-09,16:00:00,-64.234665,-54.701866,420437.7985,3937684.125,32529.9784033869,0,135
673,49178,2020-04-10,16:00:00,-64.263466,-54.676266,418530.6877,3940499.466,32556.5144429677,0,140
681,49178,2020-04-11,16:00:00,-64.26133,-54.674133,418664.148,3940739.268,32808.6619510227,0,143
683,49178,2020-04-12,04:00:00,-64.24,-54.702934,420096.1265,3937559.234,32173.5646630003,0,144
688,49178,2020-04-12,16:00:00,-64.2432,-54.702934,419889.9337,3937555.587,31996.3811991495,0,147
690,49178,2020-04-13,04:00:00,-64.24,-54.704,420098.2219,3937440.626,32113.1930733497,0,144
6,49180,2020-01-14,16:00:00,-64.680534,-54.859734,392129.223,3919523.254,21.0145042350179,1,4
10,49180,2020-01-15,04:00:00,-64.680534,-54.859734,392129.223,3919523.254,21.0145042350179,1,4
14,49180,2020-01-15,16:00:00,-64.6784,-54.8608,392269.0298,3919407.934,71.684410942013,1,4
23,49180,2020-01-16,16:00:00,-64.67947,-54.859734,392197.5129,3919524.892,22.2892074602402,1,4
18,49180,2020-01-16,04:00:00,-64.67947,-54.8608,392200.3566,3919406.288,37.4401141962294,1,6
28,49180,2020-01-17,04:00:00,-64.67947,-54.859734,392197.5129,3919524.892,22.2892074602402,1,4
32,49180,2020-01-17,16:00:00,-64.67947,-54.8608,392200.3566,3919406.288,37.4401141962294,1,6
38,49180,2020-01-18,04:00:00,-64.67947,-54.8608,392200.3566,3919406.288,37.4401141962294,1,6
41,49180,2020-01-18,16:00:00,-64.67947,-54.8608,392200.3566,3919406.288,37.4401141962294,1,6
49,49180,2020-01-19,16:00:00,-64.6816,-54.8608,392063.6522,3919403.009,39.2051224232796,1,11
57,49180,2020-01-20,16:00:00,-64.6816,-54.8608,392063.6522,3919403.009,39.2051224232796,1,11
62,49180,2020-01-21,04:00:00,-64.6816,-54.859734,392060.8048,3919521.612,55.9984188650191,1,14
67,49180,2020-01-21,16:00:00,-64.6816,-54.859734,392060.8048,3919521.612,55.9984188650191,1,14
77,49180,2020-01-23,04:00:00,-64.6816,-54.8608,392063.6522,3919403.009,39.2051224232796,1,11
82,49180,2020-01-23,16:00:00,-64.6816,-54.859734,392060.8048,3919521.612,55.9984188650191,1,14
90,49180,2020-01-24,16:00:00,-64.6816,-54.8608,392063.6522,3919403.009,39.2051224232796,1,11
85,49180,2020-01-24,04:00:00,-64.6816,-54.859734,392060.8048,3919521.612,55.9984188650191,1,14
97,49180,2020-01-25,16:00:00,-64.6816,-54.859734,392060.8048,3919521.612,55.9984188650191,1,14
103,49180,2020-01-26,16:00:00,-64.6816,-54.8608,392063.6522,3919403.009,39.2051224232796,1,11
111,49180,2020-01-27,16:00:00,-64.6816,-54.8608,392063.6522,3919403.009,39.2051224232796,1,11
119,49180,2020-01-28,16:00:00,-64.6816,-54.8608,392063.6522,3919403.009,39.2051224232796,1,11
127,49180,2020-01-29,16:00:00,-64.6816,-54.859734,392060.8048,3919521.612,55.9984188650191,1,14
132,49180,2020-01-30,16:00:00,-64.6816,-54.8608,392063.6522,3919403.009,39.2051224232796,1,11
139,49180,2020-01-31,16:00:00,-64.6816,-54.859734,392060.8048,3919521.612,55.9984188650191,1,14
142,49180,2020-02-01,04:00:00,-64.6816,-54.8608,392063.6522,3919403.009,39.2051224232796,1,11
147,49180,2020-02-01,16:00:00,-64.6816,-54.8608,392063.6522,3919403.009,39.2051224232796,1,11
154,49180,2020-02-02,16:00:00,-64.680534,-54.858665,392126.3695,3919642.191,46.9879661166844,1,26
157,49180,2020-02-03,04:00:00,-64.6816,-54.859734,392060.8048,3919521.612,55.9984188650191,1,14
163,49180,2020-02-03,16:00:00,-64.666664,-54.850132,392994.013,3920612.847,276.23414532521,1,27
168,49180,2020-02-04,16:00:00,-64.67947,-54.8608,392200.3566,3919406.288,37.4401141962294,1,6
177,49180,2020-02-05,16:00:00,-64.6816,-54.858665,392057.9495,3919640.549,92.9528730618875,1,14
180,49180,2020-02-06,04:00:00,-64.6816,-54.859734,392060.8048,3919521.612,55.9984188650191,1,14
183,49180,2020-02-06,16:00:00,-64.6752,-54.866135,392488.604,3918819.276,140.634432980177,1,32
189,49180,2020-02-07,16:00:00,-64.67947,-54.8576,392191.8201,3919762.321,87.9395025885033,1,26
194,49180,2020-02-08,16:00:00,-64.658134,-54.875732,393609.0462,3917777.566,24.757600317679,1,37
203,49180,2020-02-09,04:00:00,-64.6816,-54.859734,392060.8048,3919521.612,55.9984188650191,1,14
207,49180,2020-02-09,16:00:00,-64.66987,-54.864,392824.9781,3919064.986,111.807028923392,1,38
211,49180,2020-02-10,04:00:00,-64.67947,-54.859734,392197.5129,3919524.892,22.2892074602402,1,4
215,49180,2020-02-10,16:00:00,-64.6784,-54.861866,392271.8718,3919289.331,2.02337731282659,1,28
221,49180,2020-02-11,04:00:00,-64.67947,-54.859734,392197.5129,3919524.892,22.2892074602402,1,4
226,49180,2020-02-11,16:00:00,-64.67947,-54.859734,392197.5129,3919524.892,22.2892074602402,1,4
231,49180,2020-02-12,16:00:00,-64.650665,-54.896,394141.3933,3915533.842,1349.03333903369,0,47
242,49180,2020-02-13,16:00:00,-64.680534,-54.858665,392126.3695,3919642.191,46.9879661166844,1,26
250,49180,2020-02-14,16:00:00,-64.680534,-54.859734,392129.223,3919523.254,21.0145042350179,1,4
246,49180,2020-02-14,04:00:00,-64.680534,-54.8608,392132.0686,3919404.651,14.8757651618388,1,6
254,49180,2020-02-15,04:00:00,-64.680534,-54.8608,392132.0686,3919404.651,14.8757651618388,1,6
258,49180,2020-02-15,16:00:00,-64.65387,-54.84693,393806.9475,3920988.569,1135.88883525767,0,50
266,49180,2020-02-16,16:00:00,-64.67947,-54.859734,392197.5129,3919524.892,22.2892074602402,1,4
260,49180,2020-02-16,04:00:00,-64.680534,-54.861866,392134.9142,3919286.047,4.87047086640736,1,6
275,49180,2020-02-17,16:00:00,-64.67947,-54.855465,392186.1249,3919999.862,253.062015896146,1,15
284,49180,2020-02-18,16:00:00,-64.66987,-54.842667,392768.3985,3921438.503,782.385321121845,0,53
290,49180,2020-02-19,16:00:00,-64.680534,-54.8608,392132.0686,3919404.651,14.8757651618388,1,6
294,49180,2020-02-20,16:00:00,-64.6432,-54.910934,394659.0855,3913883.519,3022.7154681956,0,54
298,49180,2020-02-21,04:00:00,-64.680534,-54.8608,392132.0686,3919404.651,14.8757651618388,1,6
303,49180,2020-02-21,16:00:00,-64.65707,-54.84693,393601.4985,3920983.714,939.70722782182,0,56
306,49180,2020-02-22,04:00:00,-64.680534,-54.8608,392132.0686,3919404.651,14.8757651618388,1,6
310,49180,2020-02-22,16:00:00,-64.66773,-54.850132,392925.5783,3920611.218,209.207121622495,1,27
314,49180,2020-02-23,16:00:00,-64.66987,-54.856533,392805.1723,3919895.768,2.58191405616262,1,59
320,49180,2020-02-24,16:00:00,-64.67627,-54.862934,392411.4164,3919173.778,44.0427667206927,1,21
326,49180,2020-02-25,04:00:00,-64.67733,-54.8608,392337.7029,3919409.579,87.0031967344288,1,13
330,49180,2020-02-25,16:00:00,-64.67733,-54.861866,392340.5431,3919290.976,2.82776469146023,1,28
334,49180,2020-02-26,04:00:00,-64.67733,-54.8608,392337.7029,3919409.579,87.0031967344288,1,13
348,49180,2020-02-28,04:00:00,-64.6816,-54.859734,392060.8048,3919521.612,55.9984188650191,1,14
361,49180,2020-02-29,16:00:00,-64.6912,-54.8064,391301.4322,3925440.699,4985.1271898846,0,70
368,49180,2020-03-01,16:00:00,-64.6816,-54.8608,392063.6522,3919403.009,39.2051224232796,1,11
364,49180,2020-03-01,04:00:00,-64.6816,-54.859734,392060.8048,3919521.612,55.9984188650191,1,14
373,49180,2020-03-02,04:00:00,-64.6816,-54.8608,392063.6522,3919403.009,39.2051224232796,1,11
378,49180,2020-03-02,16:00:00,-64.6816,-54.859734,392060.8048,3919521.612,55.9984188650191,1,14
385,49180,2020-03-03,16:00:00,-64.6816,-54.861866,392066.4996,3919284.405,2.55663398258246,1,11
395,49180,2020-03-04,16:00:00,-64.62614,-54.842667,395576.2869,3921504.552,2978.86055697863,0,75
404,49180,2020-03-05,16:00:00,-64.6752,-54.8608,392474.4075,3919412.851,52.8064337201654,1,13
408,49180,2020-03-06,04:00:00,-64.6784,-54.8608,392269.0298,3919407.934,71.684410942013,1,4
413,49180,2020-03-06,16:00:00,-64.70506,-54.7968,390384.7145,3926487.204,6274.38468830995,0,77
422,49180,2020-03-08,04:00:00,-64.680534,-54.8608,392132.0686,3919404.651,14.8757651618388,1,6
431,49180,2020-03-09,16:00:00,-64.680534,-54.8608,392132.0686,3919404.651,14.8757651618388,1,6
438,49180,2020-03-10,16:00:00,-64.680534,-54.8608,392132.0686,3919404.651,14.8757651618388,1,6
449,49180,2020-03-11,16:00:00,-64.67947,-54.855465,392186.1249,3919999.862,253.062015896146,1,15
454,49180,2020-03-12,16:00:00,-64.680534,-54.8608,392132.0686,3919404.651,14.8757651618388,1,6
461,49180,2020-03-13,04:00:00,-64.680534,-54.859734,392129.223,3919523.254,21.0145042350179,1,4
466,49180,2020-03-13,16:00:00,-64.67094,-54.85227,392725.178,3920368.433,283.448949800735,1,36
472,49180,2020-03-14,16:00:00,-64.67947,-54.8608,392200.3566,3919406.288,37.4401141962294,1,6
481,49180,2020-03-15,16:00:00,-64.67947,-54.859734,392197.5129,3919524.892,22.2892074602402,1,4
493,49180,2020-03-17,16:00:00,-64.66347,-54.853333,393207.5171,3920261.576,351.515878352226,1,88
506,49180,2020-03-19,16:00:00,-64.67627,-54.862934,392411.4164,3919173.778,44.0427667206927,1,21
510,49180,2020-03-20,16:00:00,-64.67947,-54.861866,392203.2004,3919287.685,6.36743167842134,1,6
513,49180,2020-03-21,04:00:00,-64.67947,-54.859734,392197.5129,3919524.892,22.2892074602402,1,4
517,49180,2020-03-21,16:00:00,-64.67947,-54.8576,392191.8201,3919762.321,87.9395025885033,1,26
525,49180,2020-03-22,16:00:00,-64.656,-54.84693,393670.1955,3920985.339,1004.8912564025,0,56
528,49180,2020-03-23,04:00:00,-64.67947,-54.859734,392197.5129,3919524.892,22.2892074602402,1,4
534,49180,2020-03-23,16:00:00,-64.69013,-54.7872,391318.6935,3927578.531,7058.87290068258,0,93
540,49180,2020-03-24,16:00:00,-64.680534,-54.859734,392129.223,3919523.254,21.0145042350179,1,4
545,49180,2020-03-25,04:00:00,-64.68373,-54.859734,391924.0968,3919518.328,187.394875408688,1,14
551,49180,2020-03-25,16:00:00,-64.6656,-54.853333,393070.787,3920258.327,278.784859881161,1,88
553,49180,2020-03-26,04:00:00,-64.68266,-54.861866,391998.4701,3919282.771,43.7842593832703,1,11
559,49180,2020-03-26,16:00:00,-64.6592,-54.784,393298.9879,3927982.066,7347.34251730434,0,94
565,49180,2020-03-27,16:00:00,-64.6816,-54.859734,392060.8048,3919521.612,55.9984188650191,1,14
561,49180,2020-03-27,04:00:00,-64.51307,-54.7968,402726.3896,3926770.487,11726.1459751111,0,95
569,49180,2020-03-28,04:00:00,-64.6816,-54.859734,392060.8048,3919521.612,55.9984188650191,1,14
575,49180,2020-03-28,16:00:00,-64.72747,-54.8544,389102.1443,3920043.427,3038.21051405744,0,97
578,49180,2020-03-29,04:00:00,-64.733864,-54.858665,388703.4586,3919558.766,3350.12278515188,0,98
580,49180,2020-03-29,16:00:00,-64.733864,-54.858665,388703.4586,3919558.766,3350.12278515188,0,98
586,49180,2020-03-30,04:00:00,-64.733864,-54.858665,388703.4586,3919558.766,3350.12278515188,0,98
594,49180,2020-03-31,04:00:00,-64.733864,-54.8576,388700.5255,3919677.257,3365.15125275539,0,98
598,49180,2020-03-31,16:00:00,-64.736,-54.856533,388560.4843,3919792.575,3519.33580446051,0,101
602,49180,2020-04-01,04:00:00,-64.736,-54.858665,388566.3631,3919555.37,3486.46942329346,0,102
608,49180,2020-04-01,16:00:00,-64.7328,-54.8064,388627.9437,3925375.398,6234.12945962378,0,104
610,49180,2020-04-02,04:00:00,-64.72853,-54.80747,388905.2968,3925263.127,5969.47528955154,0,105
615,49180,2020-04-02,16:00:00,-64.4288,-54.7584,408056.5718,3931156.665,18586.4708076698,0,109
618,49180,2020-04-03,04:00:00,-64.25066,-54.727467,419457.8921,3934817.384,30255.969449146,0,111
622,49180,2020-04-03,16:00:00,-64.28053,-54.7296,417538.71,3934545.363,28440.2962183108,0,115
627,49180,2020-04-04,04:00:00,-64.25066,-54.727467,419457.8921,3934817.384,30255.969449146,0,111
632,49180,2020-04-04,16:00:00,-64.24747,-54.727467,419663.3163,3934821.041,30439.3539268909,0,119
641,49180,2020-04-06,04:00:00,-64.24747,-54.727467,419663.3163,3934821.041,30439.3539268909,0,119
646,49180,2020-04-06,16:00:00,-64.24747,-54.724266,419656.9846,3935177.201,30601.1525123073,0,124
648,49180,2020-04-07,04:00:00,-64.28267,-54.731735,417405.2523,3934305.296,28206.9596894376,0,125
653,49180,2020-04-07,16:00:00,-64.24427,-54.7264,419867.2794,3934943.42,30676.8395224891,0,126
654,49180,2020-04-08,04:00:00,-64.24427,-54.727467,419869.3846,3934824.7,30623.5906019428,0,126
659,49180,2020-04-08,16:00:00,-64.26987,-54.682667,418130.6563,3939779.815,31802.4185237478,0,130
661,49180,2020-04-09,04:00:00,-64.27627,-54.730667,417815.1822,3934431.641,28626.9695195625,0,132
664,49180,2020-04-09,16:00:00,-64.27306,-54.791466,418144.6624,3927670.569,25868.8458297413,0,133
669,49180,2020-04-10,16:00:00,-64.6784,-54.8608,392269.0298,3919407.934,71.684410942013,1,4
674,49180,2020-04-11,04:00:00,-64.736,-54.8576,388563.4264,3919673.861,3500.91613709125,0,102
678,49180,2020-04-11,16:00:00,-64.731735,-54.80747,388699.3286,3925258.043,6098.69003518306,0,103
682,49180,2020-04-12,04:00:00,-64.7328,-54.858665,388771.7496,3919560.456,3282.22926068108,0,98
684,49180,2020-04-12,16:00:00,-64.733864,-54.80747,388562.5093,3925254.66,6186.8209716769,0,113
689,49180,2020-04-13,04:00:00,-64.73707,-54.8576,388494.7485,3919672.159,3568.96515200655,0,102
692,49180,2020-04-13,16:00:00,-64.7328,-54.80747,388630.8868,3925256.351,6142.5533238176,0,113
696,49180,2020-04-14,16:00:00,-64.523735,-54.7712,401978.9026,3929603.942,12875.7133958594,0,118
807,49180,2020-09-06,04:00:00,-64.2464,-54.7456,419768.0624,3932804.69,29650.4433771159,0,164
808,49180,2020-09-06,16:00:00,-64.2368,-54.7456,420385.9913,3932815.627,30205.7919970097,0,165
809,49180,2020-09-07,04:00:00,-64.25813,-54.673065,418868.3572,3940861.8,33045.15886056,0,166
810,49180,2020-09-07,16:00:00,-64.2592,-54.673065,418799.361,3940860.563,32989.833732526,0,166
811,49180,2020-09-08,04:00:00,-64.25813,-54.674133,418870.4864,3940742.97,32974.3204917445,0,166
812,49180,2020-09-08,16:00:00,-64.24533,-54.699734,419746.3697,3937909.201,32063.4603809559,0,167
813,49180,2020-09-09,16:00:00,-64.26133,-54.673065,418662.0133,3940858.098,32879.852869872,0,143
814,49180,2020-09-10,04:00:00,-64.2464,-54.7456,419768.0624,3932804.69,29650.4433771159,0,164
815,49180,2020-09-10,16:00:00,-64.2208,-54.848,421614.2716,3921439.946,27450.0751942444,0,168
816,49180,2020-09-11,04:00:00,-64.2176,-54.853333,421830.0407,3920850.13,27578.5852048764,0,169
817,49180,2020-09-11,16:00:00,-64.2208,-54.842667,421603.9328,3922033.336,27538.2194407579,0,170
818,49180,2020-09-13,04:00:00,-64.2464,-54.7456,419768.0624,3932804.69,29650.4433771159,0,164
819,49180,2020-09-13,16:00:00,-64.2368,-54.7456,420385.9913,3932815.627,30205.7919970097,0,165
821,49180,2020-09-14,16:00:00,-64.2464,-54.7456,419768.0624,3932804.69,29650.4433771159,0,164
820,49180,2020-09-14,04:00:00,-64.2592,-54.674133,418801.492,3940741.733,32918.8777380834,0,166
822,49180,2020-09-15,04:00:00,-64.24747,-54.7456,419699.1891,3932803.466,29587.1283271677,0,164
823,49180,2020-09-16,04:00:00,-64.512,-54.792534,402784.9364,3927246.616,12030.2720509374,0,171
824,49180,2020-09-16,16:00:00,-64.5664,-54.8128,399337.9247,3924915.006,7869.45023334691,0,172
826,49180,2020-09-17,16:00:00,-64.67733,-54.8608,392337.7029,3919409.579,87.0031967344288,1,13
825,49180,2020-09-17,04:00:00,-64.65707,-54.87467,393674.5134,3917897.341,24.2128664297106,1,37
827,49180,2020-09-22,04:00:00,-64.658134,-54.875732,393609.0462,3917777.566,24.757600317679,1,37
828,49180,2020-09-22,16:00:00,-64.664536,-54.85227,393136.2776,3920378.22,414.230192553969,0,88
829,49180,2020-09-23,16:00:00,-64.576,-54.887466,398907.9363,3916593.684,4448.86268159805,0,173
830,49180,2020-09-24,04:00:00,-64.673065,-54.862934,392617.1043,3919178.696,1.84855075933725,1,18
831,49180,2020-09-24,16:00:00,-64.658134,-54.878933,393617.4787,3917421.419,104.397222363015,1,44
832,49180,2020-09-25,04:00:00,-64.6784,-54.8608,392269.0298,3919407.934,71.684410942013,1,4
833,49180,2020-09-25,16:00:00,-64.52053,-54.772266,402187.6341,3929489.812,12948.4742053802,0,174
835,49180,2020-09-26,16:00:00,-64.6784,-54.8608,392269.0298,3919407.934,71.684410942013,1,4
834,49180,2020-09-26,04:00:00,-64.5184,-54.776535,402334.9265,3929017.804,12741.927190553,0,175
837,49180,2020-09-27,16:00:00,-64.6784,-54.8608,392269.0298,3919407.934,71.684410942013,1,4
836,49180,2020-09-27,04:00:00,-64.658134,-54.878933,393617.4787,3917421.419,104.397222363015,1,44
838,49180,2020-09-28,04:00:00,-64.6784,-54.8608,392269.0298,3919407.934,71.684410942013,1,4
839,49180,2020-09-28,16:00:00,-64.6784,-54.858665,392263.3379,3919645.475,4.26675332030062,1,12
840,49180,2020-09-29,04:00:00,-64.67947,-54.862934,392206.0496,3919168.859,1.05464608863886,1,29
841,49180,2020-09-29,16:00:00,-64.7264,-54.8544,389170.8278,3920045.12,2972.2501137224,0,97
842,49180,2020-09-30,16:00:00,-64.70827,-54.7968,390178.3697,3926482.18,6348.85935263441,0,162
844,49180,2020-10-01,16:00:00,-64.6816,-54.861866,392066.4996,3919284.405,2.55663398258246,1,11
843,49180,2020-10-01,04:00:00,-64.6816,-54.859734,392060.8048,3919521.612,55.9984188650191,1,14
846,49180,2020-10-02,16:00:00,-64.6816,-54.8608,392063.6522,3919403.009,39.2051224232796,1,11
845,49180,2020-10-02,04:00:00,-64.6816,-54.859734,392060.8048,3919521.612,55.9984188650191,1,14
847,49180,2020-10-03,16:00:00,-64.6752,-54.866135,392488.604,3918819.276,140.634432980177,1,32
848,49180,2020-10-06,16:00:00,-64.52053,-54.7712,402185.0624,3929608.417,13027.8128763745,0,174
849,49180,2020-10-07,16:00:00,-64.31467,-54.736,415353.6925,3933792.616,26169.1788452976,0,176
850,49180,2020-10-08,04:00:00,-64.25066,-54.7456,419493.8567,3932799.81,29398.5125558626,0,177
851,49180,2020-10-08,16:00:00,-64.1824,-54.837334,424059.7316,3922669.014,30068.2278053988,0,178
852,49180,2020-10-10,16:00:00,-64.20693,-54.808533,422429.1718,3925846.77,29245.5521481784,0,179
854,49180,2020-10-11,16:00:00,-64.673065,-54.861866,392614.266,3919297.522,70.3989933585239,1,2
853,49180,2020-10-11,04:00:00,-64.21653,-54.85227,421896.6775,3920969.601,27660.744570397,0,169
855,49180,2020-10-12,16:00:00,-64.673065,-54.861866,392614.266,3919297.522,70.3989933585239,1,2
856,49180,2020-10-13,16:00:00,-64.673065,-54.861866,392614.266,3919297.522,70.3989933585239,1,2
857,49180,2020-10-14,16:00:00,-64.6592,-54.878933,393549.0928,3917419.8,134.900416579063,1,44
858,49180,2020-10-15,16:00:00,-64.70613,-54.7968,390315.9329,3926485.53,6298.55651591666,0,77
859,49180,2020-10-16,16:00:00,-64.70613,-54.7968,390315.9329,3926485.53,6298.55651591666,0,77
860,49180,2020-10-17,16:00:00,-64.67627,-54.906666,392527.8931,3914308.121,2914.20559054961,0,180
861,49180,2020-10-18,16:00:00,-64.666664,-54.85227,392999.6723,3920374.972,380.081043225559,0,68
862,49180,2020-10-19,16:00:00,-64.6752,-54.861866,392477.2441,3919294.247,15.2949134950136,1,10
863,49180,2020-10-20,04:00:00,-64.67947,-54.8608,392200.3566,3919406.288,37.4401141962294,1,6
864,49180,2020-10-20,16:00:00,-64.6752,-54.861866,392477.2441,3919294.247,15.2949134950136,1,10
865,49180,2020-10-21,04:00:00,-64.67947,-54.8608,392200.3566,3919406.288,37.4401141962294,1,6
866,49180,2020-10-21,16:00:00,-64.544,-54.7264,400565.6527,3934559.918,15964.1616340826,0,100
867,49180,2020-10-22,16:00:00,-64.1824,-54.833065,424051.7169,3923144.017,30150.6976128039,0,181
868,49180,2020-10-23,04:00:00,-64.67947,-54.8608,392200.3566,3919406.288,37.4401141962294,1,6
869,49180,2020-10-23,16:00:00,-64.67413,-54.862934,392548.7556,3919177.063,17.0309104421846,1,18
870,49180,2020-10-24,04:00:00,-64.6784,-54.8608,392269.0298,3919407.934,71.684410942013,1,4
871,49180,2020-10-24,16:00:00,-64.66987,-54.853333,392796.6851,3920251.801,289.319924082059,1,9
872,49180,2020-10-25,04:00:00,-64.6784,-54.8608,392269.0298,3919407.934,71.684410942013,1,4
873,49180,2020-10-25,16:00:00,-64.6784,-54.858665,392263.3379,3919645.475,4.26675332030062,1,12
874,49180,2020-10-26,16:00:00,-64.67947,-54.858665,392194.6612,3919643.829,3.7268676881416,1,26
875,49180,2020-10-27,04:00:00,-64.67947,-54.8576,392191.8201,3919762.321,87.9395025885033,1,26
876,49180,2020-10-27,16:00:00,-64.717865,-54.8064,389587.7624,3925399.025,5673.57908118848,0,182
878,49180,2020-10-28,16:00:00,-64.680534,-54.8608,392132.0686,3919404.651,14.8757651618388,1,6
877,49180,2020-10-28,04:00:00,-64.68266,-54.859734,391992.7717,3919519.978,119.974487581847,1,14
879,49180,2020-10-29,04:00:00,-64.680534,-54.8608,392132.0686,3919404.651,14.8757651618388,1,6
880,49180,2020-10-30,04:00:00,-64.680534,-54.8608,392132.0686,3919404.651,14.8757651618388,1,6
881,49180,2020-10-30,16:00:00,-64.67733,-54.8576,392329.1773,3919765.613,0.0726034828750366,1,12
882,49180,2020-10-31,04:00:00,-64.673065,-54.866135,392625.6114,3918822.551,15.3290596259826,1,32
883,49180,2020-11-01,04:00:00,-64.6816,-54.8608,392063.6522,3919403.009,39.2051224232796,1,11
884,49180,2020-11-02,16:00:00,-64.6784,-54.861866,392271.8718,3919289.331,2.02337731282659,1,28
885,49180,2020-11-03,04:00:00,-64.67947,-54.8608,392200.3566,3919406.288,37.4401141962294,1,6
886,49180,2020-11-03,16:00:00,-64.6752,-54.861866,392477.2441,3919294.247,15.2949134950136,1,10
887,49180,2020-11-04,04:00:00,-64.67947,-54.8608,392200.3566,3919406.288,37.4401141962294,1,6
888,49180,2020-11-04,16:00:00,-64.6752,-54.861866,392477.2441,3919294.247,15.2949134950136,1,10
889,49180,2020-11-06,04:00:00,-64.67947,-54.8608,392200.3566,3919406.288,37.4401141962294,1,6
890,49180,2020-11-07,04:00:00,-64.680534,-54.8608,392132.0686,3919404.651,14.8757651618388,1,6
891,49180,2020-11-07,16:00:00,-64.680534,-54.861866,392134.9142,3919286.047,4.87047086640736,1,6
892,49180,2020-11-08,16:00:00,-64.67733,-54.861866,392340.5431,3919290.976,2.82776469146023,1,28
893,49180,2020-11-09,04:00:00,-64.6816,-54.8608,392063.6522,3919403.009,39.2051224232796,1,11
894,49180,2020-11-10,04:00:00,-64.6816,-54.8608,392063.6522,3919403.009,39.2051224232796,1,11
895,49180,2020-11-10,16:00:00,-64.67733,-54.861866,392340.5431,3919290.976,2.82776469146023,1,28
896,49180,2020-11-11,04:00:00,-64.6752,-54.861866,392477.2441,3919294.247,15.2949134950136,1,10
897,49180,2020-11-11,16:00:00,-64.70506,-54.7968,390384.7145,3926487.204,6274.38468830995,0,77
898,49180,2020-11-12,04:00:00,-64.6752,-54.861866,392477.2441,3919294.247,15.2949134950136,1,10
899,49180,2020-11-12,16:00:00,-64.6752,-54.861866,392477.2441,3919294.247,15.2949134950136,1,10
900,49180,2020-11-13,04:00:00,-64.6752,-54.861866,392477.2441,3919294.247,15.2949134950136,1,10
901,49180,2020-11-13,16:00:00,-64.70506,-54.7968,390384.7145,3926487.204,6274.38468830995,0,77
902,49180,2020-11-14,04:00:00,-64.6752,-54.861866,392477.2441,3919294.247,15.2949134950136,1,10
903,49180,2020-11-14,16:00:00,-64.67627,-54.858665,392400.0497,3919648.749,36.4711293052809,1,83
904,49180,2020-11-15,04:00:00,-64.67413,-54.861866,392545.9155,3919295.889,54.1789681757994,1,10
905,49180,2020-11-15,16:00:00,-64.67413,-54.861866,392545.9155,3919295.889,54.1789681757994,1,10
906,49180,2020-11-17,16:00:00,-64.67413,-54.861866,392545.9155,3919295.889,54.1789681757994,1,10
908,49180,2020-11-18,16:00:00,-64.67094,-54.8608,392747.8168,3919419.382,52.8592448630593,1,2
907,49180,2020-11-18,04:00:00,-64.67413,-54.861866,392545.9155,3919295.889,54.1789681757994,1,10
909,49180,2020-11-19,04:00:00,-64.6752,-54.861866,392477.2441,3919294.247,15.2949134950136,1,10
910,49180,2020-11-19,16:00:00,-64.6752,-54.861866,392477.2441,3919294.247,15.2949134950136,1,10
912,49180,2020-11-20,16:00:00,-64.6688,-54.85227,392862.5535,3920371.708,315.593764364023,1,9
911,49180,2020-11-20,04:00:00,-64.6752,-54.861866,392477.2441,3919294.247,15.2949134950136,1,10
913,49180,2020-11-21,04:00:00,-64.6752,-54.861866,392477.2441,3919294.247,15.2949134950136,1,10
914,49180,2020-11-22,04:00:00,-64.6752,-54.861866,392477.2441,3919294.247,15.2949134950136,1,10
915,49180,2020-11-22,16:00:00,-64.69334,-54.811733,391178.2365,3924844.033,4456.24773069481,0,183
916,49180,2020-11-23,04:00:00,-64.6752,-54.861866,392477.2441,3919294.247,15.2949134950136,1,10
917,49180,2020-11-23,16:00:00,-64.6752,-54.861866,392477.2441,3919294.247,15.2949134950136,1,10
918,49180,2020-11-24,04:00:00,-64.6752,-54.861866,392477.2441,3919294.247,15.2949134950136,1,10
919,49180,2020-11-24,16:00:00,-64.71893,-54.8032,389510.5874,3925753.374,6013.55529259043,0,184
920,49180,2020-11-25,04:00:00,-64.6752,-54.861866,392477.2441,3919294.247,15.2949134950136,1,10