,id,date,hour,lon,lat,X,Y,distppa,colonia
1,49152,2020-01-14,04:00:00,-64.6656,-54.8736,393124.4086,3918003.407,107.89794696585,1
2,49138,2020-01-14,04:00:00,-64.673065,-54.861866,392614.266,3919297.522,70.3989933585239,1
3,49178,2020-01-14,04:00:00,-64.67627,-54.856533,392394.3732,3919885.956,17.5017477191471,1
4,49152,2020-01-14,16:00:00,-64.6656,-54.8736,393124.4086,3918003.407,107.89794696585,1
5,49138,2020-01-14,16:00:00,-64.673065,-54.861866,392614.266,3919297.522,70.3989933585239,1
6,49180,2020-01-14,16:00:00,-64.680534,-54.859734,392129.223,3919523.254,21.0145042350179,1
7,49178,2020-01-14,16:00:00,-64.67627,-54.856533,392394.3732,3919885.956,17.5017477191471,1
8,49152,2020-01-15,04:00:00,-64.6656,-54.8736,393124.4086,3918003.407,107.89794696585,1
9,49138,2020-01-15,04:00:00,-64.673065,-54.861866,392614.266,3919297.522,70.3989933585239,1
10,49180,2020-01-15,04:00:00,-64.680534,-54.859734,392129.223,3919523.254,21.0145042350179,1
11,49178,2020-01-15,04:00:00,-64.67627,-54.856533,392394.3732,3919885.956,17.5017477191471,1
12,49152,2020-01-15,16:00:00,-64.6688,-54.8736,392919.0957,3917998.52,1.89643027650737,1
13,49138,2020-01-15,16:00:00,-64.673065,-54.861866,392614.266,3919297.522,70.3989933585239,1
14,49180,2020-01-15,16:00:00,-64.6784,-54.8608,392269.0298,3919407.934,71.684410942013,1
15,49178,2020-01-15,16:00:00,-64.67733,-54.856533,392326.3346,3919884.327,78.731241039509,1
16,49152,2020-01-16,04:00:00,-64.6688,-54.8736,392919.0957,3917998.52,1.89643027650737,1
17,49138,2020-01-16,04:00:00,-64.673065,-54.861866,392614.266,3919297.522,70.3989933585239,1
18,49180,2020-01-16,04:00:00,-64.67947,-54.8608,392200.3566,3919406.288,37.4401141962294,1
19,49178,2020-01-16,04:00:00,-64.67733,-54.856533,392326.3346,3919884.327,78.731241039509,1
20,49152,2020-01-16,16:00:00,-64.6688,-54.8736,392919.0957,3917998.52,1.89643027650737,1
21,49127,2020-01-16,16:00:00,-64.6592,-54.87253,393532.2145,3918132.204,186.403852720459,1
22,49138,2020-01-16,16:00:00,-64.673065,-54.861866,392614.266,3919297.522,70.3989933585239,1
23,49180,2020-01-16,16:00:00,-64.67947,-54.859734,392197.5129,3919524.892,22.2892074602402,1
24,49178,2020-01-16,16:00:00,-64.67733,-54.856533,392326.3346,3919884.327,78.731241039509,1
25,49152,2020-01-17,04:00:00,-64.66987,-54.8736,392850.4442,3917996.883,18.0373335730461,1
26,49127,2020-01-17,04:00:00,-64.6592,-54.87253,393532.2145,3918132.204,186.403852720459,1
27,49138,2020-01-17,04:00:00,-64.673065,-54.861866,392614.266,3919297.522,70.3989933585239,1
28,49180,2020-01-17,04:00:00,-64.67947,-54.859734,392197.5129,3919524.892,22.2892074602402,1
29,49178,2020-01-17,04:00:00,-64.67733,-54.856533,392326.3346,3919884.327,78.731241039509,1
30,49152,2020-01-17,16:00:00,-64.66987,-54.87253,392847.6056,3918115.932,61.96712003856,1
31,49127,2020-01-17,16:00:00,-64.6592,-54.87253,393532.2145,3918132.204,186.403852720459,1
32,49180,2020-01-17,16:00:00,-64.67947,-54.8608,392200.3566,3919406.288,37.4401141962294,1
33,49138,2020-01-17,16:00:00,-64.67413,-54.859734,392540.246,3919533.096,162.868887564274,1
34,49178,2020-01-17,16:00:00,-64.67733,-54.856533,392326.3346,3919884.327,78.731241039509,1
35,49152,2020-01-18,04:00:00,-64.66987,-54.8736,392850.4442,3917996.883,18.0373335730461,1
36,49127,2020-01-18,04:00:00,-64.6592,-54.87253,393532.2145,3918132.204,186.403852720459,1
37,49138,2020-01-18,04:00:00,-64.673065,-54.861866,392614.266,3919297.522,70.3989933585239,1
38,49180,2020-01-18,04:00:00,-64.67947,-54.8608,392200.3566,3919406.288,37.4401141962294,1
39,49152,2020-01-18,16:00:00,-64.66987,-54.8736,392850.4442,3917996.883,18.0373335730461,1
40,49127,2020-01-18,16:00:00,-64.6592,-54.87253,393532.2145,3918132.204,186.403852720459,1
41,49180,2020-01-18,16:00:00,-64.67947,-54.8608,392200.3566,3919406.288,37.4401141962294,1
42,49178,2020-01-18,16:00:00,-64.67733,-54.856533,392326.3346,3919884.327,78.731241039509,1
43,49138,2020-01-18,16:00:00,-64.66987,-54.85227,392793.8658,3920370.071,292.603674969537,1
44,49152,2020-01-19,04:00:00,-64.66987,-54.8736,392850.4442,3917996.883,18.0373335730461,1
45,49138,2020-01-19,04:00:00,-64.67413,-54.861866,392545.9155,3919295.889,54.1789681757994,1
46,49178,2020-01-19,04:00:00,-64.67733,-54.856533,392326.3346,3919884.327,78.731241039509,1
47,49152,2020-01-19,16:00:00,-64.6688,-54.8736,392919.0957,3917998.52,1.89643027650737,1
48,49127,2020-01-19,16:00:00,-64.6592,-54.87253,393532.2145,3918132.204,186.403852720459,1
49,49180,2020-01-19,16:00:00,-64.6816,-54.8608,392063.6522,3919403.009,39.2051224232796,1
50,49138,2020-01-19,16:00:00,-64.673065,-54.8608,392611.433,3919416.126,123.943998384533,1
51,49178,2020-01-19,16:00:00,-64.67733,-54.8576,392329.1773,3919765.613,0.0726034828750366,1
52,49152,2020-01-20,04:00:00,-64.6688,-54.8736,392919.0957,3917998.52,1.89643027650737,1
53,49138,2020-01-20,04:00:00,-64.673065,-54.861866,392614.266,3919297.522,70.3989933585239,1
54,49178,2020-01-20,04:00:00,-64.67733,-54.856533,392326.3346,3919884.327,78.731241039509,1
55,49152,2020-01-20,16:00:00,-64.6688,-54.8736,392919.0957,3917998.52,1.89643027650737,1
56,49127,2020-01-20,16:00:00,-64.6592,-54.87253,393532.2145,3918132.204,186.403852720459,1
57,49180,2020-01-20,16:00:00,-64.6816,-54.8608,392063.6522,3919403.009,39.2051224232796,1
58,49138,2020-01-20,16:00:00,-64.67627,-54.8608,392405.7343,3919411.208,86.8728657932399,1
59,49178,2020-01-20,16:00:00,-64.67733,-54.856533,392326.3346,3919884.327,78.731241039509,1
60,49152,2020-01-21,04:00:00,-64.6688,-54.8736,392919.0957,3917998.52,1.89643027650737,1
61,49138,2020-01-21,04:00:00,-64.673065,-54.861866,392614.266,3919297.522,70.3989933585239,1
62,49180,2020-01-21,04:00:00,-64.6816,-54.859734,392060.8048,3919521.612,55.9984188650191,1
63,49178,2020-01-21,04:00:00,-64.67733,-54.856533,392326.3346,3919884.327,78.731241039509,1
64,49152,2020-01-21,16:00:00,-64.6688,-54.8736,392919.0957,3917998.52,1.89643027650737,1
65,49127,2020-01-21,16:00:00,-64.66026,-54.87253,393464.2027,3918130.592,187.518936687126,1
66,49138,2020-01-21,16:00:00,-64.673065,-54.8608,392611.433,3919416.126,123.943998384533,1
67,49180,2020-01-21,16:00:00,-64.6816,-54.859734,392060.8048,3919521.612,55.9984188650191,1
68,49178,2020-01-21,16:00:00,-64.6784,-54.8576,392260.4987,3919763.967,42.7825007043546,1
69,49152,2020-01-22,04:00:00,-64.6688,-54.8736,392919.0957,3917998.52,1.89643027650737,1
70,49138,2020-01-22,04:00:00,-64.673065,-54.861866,392614.266,3919297.522,70.3989933585239,1
71,49178,2020-01-22,04:00:00,-64.6784,-54.856533,392257.6542,3919882.682,121.069035763666,1
72,49152,2020-01-22,16:00:00,-64.66773,-54.8736,392987.7472,3918000.155,4.06880995747202,1
73,49127,2020-01-22,16:00:00,-64.66026,-54.8736,393467.0249,3918011.543,73.5817611382097,1
74,49138,2020-01-22,16:00:00,-64.673065,-54.8608,392611.433,3919416.126,123.943998384533,1
75,49178,2020-01-22,16:00:00,-64.6784,-54.856533,392257.6542,3919882.682,121.069035763666,1
76,49152,2020-01-23,04:00:00,-64.66773,-54.87467,392990.5821,3917881.106,13.3917908745856,1
77,49180,2020-01-23,04:00:00,-64.6816,-54.8608,392063.6522,3919403.009,39.2051224232796,1
78,49178,2020-01-23,04:00:00,-64.6784,-54.856533,392257.6542,3919882.682,121.069035763666,1
79,49152,2020-01-23,16:00:00,-64.66773,-54.8736,392987.7472,3918000.155,4.06880995747202,1
80,49127,2020-01-23,16:00:00,-64.66026,-54.87253,393464.2027,3918130.592,187.518936687126,1
81,49138,2020-01-23,16:00:00,-64.673065,-54.861866,392614.266,3919297.522,70.3989933585239,1
82,49180,2020-01-23,16:00:00,-64.6816,-54.859734,392060.8048,3919521.612,55.9984188650191,1
83,49178,2020-01-23,16:00:00,-64.6784,-54.856533,392257.6542,3919882.682,121.069035763666,1
84,49138,2020-01-24,04:00:00,-64.673065,-54.861866,392614.266,3919297.522,70.3989933585239,1
85,49180,2020-01-24,04:00:00,-64.6816,-54.859734,392060.8048,3919521.612,55.9984188650191,1
86,49178,2020-01-24,04:00:00,-64.6784,-54.856533,392257.6542,3919882.682,121.069035763666,1
87,49152,2020-01-24,16:00:00,-64.66773,-54.8736,392987.7472,3918000.155,4.06880995747202,1
88,49127,2020-01-24,16:00:00,-64.66026,-54.87253,393464.2027,3918130.592,187.518936687126,1
89,49138,2020-01-24,16:00:00,-64.673065,-54.861866,392614.266,3919297.522,70.3989933585239,1
90,49180,2020-01-24,16:00:00,-64.6816,-54.8608,392063.6522,3919403.009,39.2051224232796,1
91,49178,2020-01-24,16:00:00,-64.6784,-54.856533,392257.6542,3919882.682,121.069035763666,1
92,49152,2020-01-25,04:00:00,-64.66773,-54.8736,392987.7472,3918000.155,4.06880995747202,1
93,49178,2020-01-25,04:00:00,-64.6784,-54.856533,392257.6542,3919882.682,121.069035763666,1
94,49152,2020-01-25,16:00:00,-64.66773,-54.87253,392984.9123,3918119.204,95.729145808036,1
95,49127,2020-01-25,16:00:00,-64.66026,-54.87253,393464.2027,3918130.592,187.518936687126,1
96,49138,2020-01-25,16:00:00,-64.672,-54.8608,392679.7853,3919417.758,97.9531957819634,1
97,49180,2020-01-25,16:00:00,-64.6816,-54.859734,392060.8048,3919521.612,55.9984188650191,1
98,49178,2020-01-25,16:00:00,-64.6784,-54.856533,392257.6542,3919882.682,121.069035763666,1
99,49127,2020-01-26,04:00:00,-64.6592,-54.87253,393532.2145,3918132.204,186.403852720459,1
100,49178,2020-01-26,04:00:00,-64.6784,-54.856533,392257.6542,3919882.682,121.069035763666,1
101,49152,2020-01-26,16:00:00,-64.6688,-54.8736,392919.0957,3917998.52,1.89643027650737,1
102,49127,2020-01-26,16:00:00,-64.6592,-54.87253,393532.2145,3918132.204,186.403852720459,1
103,49180,2020-01-26,16:00:00,-64.6816,-54.8608,392063.6522,3919403.009,39.2051224232796,1
104,49138,2020-01-26,16:00:00,-64.672,-54.8608,392679.7853,3919417.758,97.9531957819634,1
105,49178,2020-01-26,16:00:00,-64.67733,-54.8576,392329.1773,3919765.613,0.0726034828750366,1
106,49127,2020-01-27,04:00:00,-64.6592,-54.87253,393532.2145,3918132.204,186.403852720459,1
107,49138,2020-01-27,04:00:00,-64.672,-54.861866,392682.6165,3919299.154,28.6451112086743,1
108,49178,2020-01-27,04:00:00,-64.67733,-54.856533,392326.3346,3919884.327,78.731241039509,1
109,49152,2020-01-27,16:00:00,-64.6688,-54.87253,392916.2589,3918117.569,47.9235613296878,1
110,49127,2020-01-27,16:00:00,-64.6592,-54.87253,393532.2145,3918132.204,186.403852720459,1
111,49180,2020-01-27,16:00:00,-64.6816,-54.8608,392063.6522,3919403.009,39.2051224232796,1
112,49138,2020-01-27,16:00:00,-64.672,-54.8608,392679.7853,3919417.758,97.9531957819634,1
113,49178,2020-01-27,16:00:00,-64.67733,-54.8576,392329.1773,3919765.613,0.0726034828750366,1
114,49152,2020-01-28,04:00:00,-64.66987,-54.8736,392850.4442,3917996.883,18.0373335730461,1
115,49138,2020-01-28,04:00:00,-64.673065,-54.862934,392617.1043,3919178.696,1.84855075933725,1
116,49178,2020-01-28,04:00:00,-64.67733,-54.856533,392326.3346,3919884.327,78.731241039509,1
117,49152,2020-01-28,16:00:00,-64.66987,-54.87253,392847.6056,3918115.932,61.96712003856,1
118,49138,2020-01-28,16:00:00,-64.673065,-54.861866,392614.266,3919297.522,70.3989933585239,1
119,49180,2020-01-28,16:00:00,-64.6816,-54.8608,392063.6522,3919403.009,39.2051224232796,1
120,49178,2020-01-28,16:00:00,-64.67733,-54.855465,392323.4893,3920003.153,154.370300093044,1
121,49152,2020-01-29,04:00:00,-64.66987,-54.8736,392850.4442,3917996.883,18.0373335730461,1
122,49138,2020-01-29,04:00:00,-64.673065,-54.861866,392614.266,3919297.522,70.3989933585239,1
123,49178,2020-01-29,04:00:00,-64.67733,-54.856533,392326.3346,3919884.327,78.731241039509,1
124,49152,2020-01-29,16:00:00,-64.66987,-54.87253,392847.6056,3918115.932,61.96712003856,1
125,49127,2020-01-29,16:00:00,-64.66026,-54.87253,393464.2027,3918130.592,187.518936687126,1
126,49138,2020-01-29,16:00:00,-64.6752,-54.861866,392477.2441,3919294.247,15.2949134950136,1
127,49180,2020-01-29,16:00:00,-64.6816,-54.859734,392060.8048,3919521.612,55.9984188650191,1
128,49178,2020-01-29,16:00:00,-64.67733,-54.8576,392329.1773,3919765.613,0.0726034828750366,1
129,49127,2020-01-30,16:00:00,-64.66026,-54.87253,393464.2027,3918130.592,187.518936687126,1
130,49152,2020-01-30,16:00:00,-64.67094,-54.869335,392770.4712,3918469.773,225.677529687475,1
131,49138,2020-01-30,16:00:00,-64.6752,-54.862934,392480.086,3919175.421,20.7478309171573,1
132,49180,2020-01-30,16:00:00,-64.6816,-54.8608,392063.6522,3919403.009,39.2051224232796,1
133,49178,2020-01-30,16:00:00,-64.67733,-54.8576,392329.1773,3919765.613,0.0726034828750366,1
134,49138,2020-01-31,04:00:00,-64.6752,-54.861866,392477.2441,3919294.247,15.2949134950136,1
135,49178,2020-01-31,04:00:00,-64.67733,-54.856533,392326.3346,3919884.327,78.731241039509,1
136,49127,2020-01-31,16:00:00,-64.66026,-54.87253,393464.2027,3918130.592,187.518936687126,1
137,49152,2020-01-31,16:00:00,-64.67094,-54.871468,392776.1332,3918232.454,146.835478546794,1
138,49138,2020-01-31,16:00:00,-64.6752,-54.861866,392477.2441,3919294.247,15.2949134950136,1
139,49180,2020-01-31,16:00:00,-64.6816,-54.859734,392060.8048,3919521.612,55.9984188650191,1
140,49178,2020-01-31,16:00:00,-64.67733,-54.8544,392320.6521,3920121.645,238.056279893318,1
141,49152,2020-02-01,04:00:00,-64.67094,-54.871468,392776.1332,3918232.454,146.835478546794,1
142,49180,2020-02-01,04:00:00,-64.6816,-54.8608,392063.6522,3919403.009,39.2051224232796,1
143,49178,2020-02-01,04:00:00,-64.67733,-54.856533,392326.3346,3919884.327,78.731241039509,1
144,49127,2020-02-01,16:00:00,-64.66026,-54.87253,393464.2027,3918130.592,187.518936687126,1
145,49152,2020-02-01,16:00:00,-64.67094,-54.865067,392759.1424,3918944.633,36.2924384651368,1
146,49138,2020-02-01,16:00:00,-64.6752,-54.861866,392477.2441,3919294.247,15.2949134950136,1
147,49180,2020-02-01,16:00:00,-64.6816,-54.8608,392063.6522,3919403.009,39.2051224232796,1
148,49178,2020-02-01,16:00:00,-64.673065,-54.853333,392591.5901,3920246.907,262.939005928729,1
149,49152,2020-02-02,04:00:00,-64.67094,-54.8672,392764.8041,3918707.314,21.0774256553349,1
150,49178,2020-02-02,04:00:00,-64.67733,-54.856533,392326.3346,3919884.327,78.731241039509,1
151,49127,2020-02-02,16:00:00,-64.6592,-54.8736,393535.0349,3918013.154,71.7511793980362,1
152,49152,2020-02-02,16:00:00,-64.67094,-54.8704,392773.2982,3918351.28,265.683795101791,1
153,49138,2020-02-02,16:00:00,-64.67733,-54.862934,392343.3887,3919172.15,1.84590333875455,1
154,49180,2020-02-02,16:00:00,-64.680534,-54.858665,392126.3695,3919642.191,46.9879661166844,1
155,49178,2020-02-02,16:00:00,-64.67733,-54.855465,392323.4893,3920003.153,154.370300093044,1
156,49152,2020-02-03,04:00:00,-64.67094,-54.8672,392764.8041,3918707.314,21.0774256553349,1
157,49180,2020-02-03,04:00:00,-64.6816,-54.859734,392060.8048,3919521.612,55.9984188650191,1
158,49178,2020-02-03,04:00:00,-64.67733,-54.856533,392326.3346,3919884.327,78.731241039509,1
159,49127,2020-02-03,16:00:00,-64.6592,-54.8736,393535.0349,3918013.154,71.7511793980362,1
160,49138,2020-02-03,16:00:00,-64.67733,-54.862934,392343.3887,3919172.15,1.84590333875455,1
161,49152,2020-02-03,16:00:00,-64.67413,-54.862934,392548.7556,3919177.063,17.0309104421846,1
162,49178,2020-02-03,16:00:00,-64.673065,-54.853333,392591.5901,3920246.907,262.939005928729,1
163,49180,2020-02-03,16:00:00,-64.666664,-54.850132,392994.013,3920612.847,276.23414532521,1
164,49138,2020-02-04,04:00:00,-64.67627,-54.861866,392408.5727,3919292.604,8.11441890525213,1
165,49178,2020-02-04,04:00:00,-64.67733,-54.856533,392326.3346,3919884.327,78.731241039509,1
166,49127,2020-02-04,16:00:00,-64.658134,-54.8736,393603.4299,3918014.774,94.4752840635684,1
167,49138,2020-02-04,16:00:00,-64.67947,-54.862934,392206.0496,3919168.859,1.05464608863886,1
168,49180,2020-02-04,16:00:00,-64.67947,-54.8608,392200.3566,3919406.288,37.4401141962294,1
169,49152,2020-02-04,16:00:00,-64.680534,-54.8576,392123.5267,3919760.683,117.71712145324,1
170,49178,2020-02-04,16:00:00,-64.67627,-54.853333,392385.8534,3920241.989,317.91575034342,1
171,49138,2020-02-05,04:00:00,-64.6784,-54.861866,392271.8718,3919289.331,2.02337731282659,1
172,49178,2020-02-05,04:00:00,-64.67733,-54.856533,392326.3346,3919884.327,78.731241039509,1
173,49127,2020-02-05,16:00:00,-64.658134,-54.8736,393603.4299,3918014.774,94.4752840635684,1
174,49152,2020-02-05,16:00:00,-64.67947,-54.861866,392203.2004,3919287.685,6.36743167842134,1
175,49138,2020-02-05,16:00:00,-64.6784,-54.861866,392271.8718,3919289.331,2.02337731282659,1
176,49178,2020-02-05,16:00:00,-64.6784,-54.859734,392266.1878,3919526.538,64.2543026576429,1
177,49180,2020-02-05,16:00:00,-64.6816,-54.858665,392057.9495,3919640.549,92.9528730618875,1
178,49152,2020-02-06,04:00:00,-64.673065,-54.8672,392628.4419,3918704.059,68.8241993309245,1
179,49138,2020-02-06,04:00:00,-64.6784,-54.861866,392271.8718,3919289.331,2.02337731282659,1
180,49180,2020-02-06,04:00:00,-64.6816,-54.859734,392060.8048,3919521.612,55.9984188650191,1
181,49178,2020-02-06,04:00:00,-64.67733,-54.856533,392326.3346,3919884.327,78.731241039509,1
182,49127,2020-02-06,16:00:00,-64.658134,-54.8736,393603.4299,3918014.774,94.4752840635684,1
183,49180,2020-02-06,16:00:00,-64.6752,-54.866135,392488.604,3918819.276,140.634432980177,1
184,49138,2020-02-06,16:00:00,-64.6816,-54.8608,392063.6522,3919403.009,39.2051224232796,1
185,49178,2020-02-06,16:00:00,-64.67947,-54.856533,392188.9738,3919881.036,159.620518864455,1
186,49152,2020-02-06,16:00:00,-64.673065,-54.855465,392597.2556,3920009.7,30.5312344829691,1
187,49178,2020-02-07,04:00:00,-64.67947,-54.856533,392188.9738,3919881.036,159.620518864455,1
188,49127,2020-02-07,16:00:00,-64.65387,-54.87467,393879.8214,3917902.194,44.1215317099679,1
189,49180,2020-02-07,16:00:00,-64.67947,-54.8576,392191.8201,3919762.321,87.9395025885033,1
190,49178,2020-02-07,16:00:00,-64.658134,-54.85227,393547.2493,3920387.967,691.245250140773,0
191,49152,2020-02-07,16:00:00,-64.65707,-54.85227,393615.552,3920389.583,749.271363341148,0
192,49138,2020-02-08,04:00:00,-64.6752,-54.861866,392477.2441,3919294.247,15.2949134950136,1
193,49178,2020-02-08,04:00:00,-64.67094,-54.85227,392725.178,3920368.433,283.448949800735,1
194,49180,2020-02-08,16:00:00,-64.658134,-54.875732,393609.0462,3917777.566,24.757600317679,1
195,49127,2020-02-08,16:00:00,-64.66026,-54.8736,393467.0249,3918011.543,73.5817611382097,1
196,49152,2020-02-08,16:00:00,-64.66987,-54.864,392824.9781,3919064.986,111.807028923392,1
197,49138,2020-02-08,16:00:00,-64.67627,-54.862934,392411.4164,3919173.778,44.0427667206927,1
198,49178,2020-02-08,16:00:00,-64.66133,-54.85227,393342.0844,3920383.106,531.85991339582,0
199,49178,2020-02-09,04:00:00,-64.65493,-54.878933,393823.0216,3917426.281,62.1458835512454,1
200,49127,2020-02-09,04:00:00,-64.6592,-54.87253,393532.2145,3918132.204,186.403852720459,1
201,49152,2020-02-09,04:00:00,-64.67094,-54.864,392756.3102,3919063.348,59.7371502212687,1
202,49138,2020-02-09,04:00:00,-64.6752,-54.861866,392477.2441,3919294.247,15.2949134950136,1
203,49180,2020-02-09,04:00:00,-64.6816,-54.859734,392060.8048,3919521.612,55.9984188650191,1
204,49178,2020-02-09,16:00:00,-64.65493,-54.882133,393831.4355,3917070.246,156.355840973247,1
205,49127,2020-02-09,16:00:00,-64.6592,-54.8736,393535.0349,3918013.154,71.7511793980362,1
206,49138,2020-02-09,16:00:00,-64.67413,-54.865067,392554.4279,3918939.744,127.714101233182,1
207,49180,2020-02-09,16:00:00,-64.66987,-54.864,392824.9781,3919064.986,111.807028923392,1
208,49152,2020-02-09,16:00:00,-64.6272,-54.8576,395546.8161,3919841.509,2363.78534800298,0
209,49127,2020-02-10,04:00:00,-64.6592,-54.87253,393532.2145,3918132.204,186.403852720459,1
210,49138,2020-02-10,04:00:00,-64.6752,-54.861866,392477.2441,3919294.247,15.2949134950136,1
211,49180,2020-02-10,04:00:00,-64.67947,-54.859734,392197.5129,3919524.892,22.2892074602402,1
212,49178,2020-02-10,04:00:00,-64.6816,-54.856533,392052.2549,3919877.756,254.283464280792,1
213,49127,2020-02-10,16:00:00,-64.658134,-54.877865,393614.6652,3917540.246,148.39271638083,1
214,49152,2020-02-10,16:00:00,-64.66773,-54.866135,392967.9698,3918830.716,102.59683518549,1
215,49180,2020-02-10,16:00:00,-64.6784,-54.861866,392271.8718,3919289.331,2.02337731282659,1
216,49138,2020-02-10,16:00:00,-64.67413,-54.861866,392545.9155,3919295.889,54.1789681757994,1
217,49178,2020-02-10,16:00:00,-64.67413,-54.853333,392523.2252,3920245.274,267.249555510959,1
218,49127,2020-02-11,04:00:00,-64.6592,-54.87253,393532.2145,3918132.204,186.403852720459,1
219,49152,2020-02-11,04:00:00,-64.6688,-54.862934,392890.8201,3919185.226,119.172237509283,1
220,49138,2020-02-11,04:00:00,-64.67413,-54.861866,392545.9155,3919295.889,54.1789681757994,1
221,49180,2020-02-11,04:00:00,-64.67947,-54.859734,392197.5129,3919524.892,22.2892074602402,1
222,49178,2020-02-11,04:00:00,-64.67733,-54.856533,392326.3346,3919884.327,78.731241039509,1
223,49127,2020-02-11,16:00:00,-64.6592,-54.8736,393535.0349,3918013.154,71.7511793980362,1
224,49152,2020-02-11,16:00:00,-64.6816,-54.8608,392063.6522,3919403.009,39.2051224232796,1
225,49138,2020-02-11,16:00:00,-64.67413,-54.8608,392543.0807,3919414.493,67.2012018044543,1
226,49180,2020-02-11,16:00:00,-64.67947,-54.859734,392197.5129,3919524.892,22.2892074602402,1
227,49178,2020-02-11,16:00:00,-64.6784,-54.858665,392263.3379,3919645.475,4.26675332030062,1
228,49127,2020-02-12,04:00:00,-64.6592,-54.87253,393532.2145,3918132.204,186.403852720459,1
229,49138,2020-02-12,04:00:00,-64.67413,-54.861866,392545.9155,3919295.889,54.1789681757994,1
230,49178,2020-02-12,04:00:00,-64.6688,-54.8544,392868.1991,3920134.723,158.525245672516,1
231,49180,2020-02-12,16:00:00,-64.650665,-54.896,394141.3933,3915533.842,1349.03333903369,0
232,49178,2020-02-12,16:00:00,-64.65387,-54.877865,393888.2164,3917546.715,68.7096662743736,1
233,49152,2020-02-12,16:00:00,-64.658134,-54.875732,393609.0462,3917777.566,24.757600317679,1
234,49127,2020-02-12,16:00:00,-64.658134,-54.8736,393603.4299,3918014.774,94.4752840635684,1
235,49138,2020-02-12,16:00:00,-64.680534,-54.859734,392129.223,3919523.254,21.0145042350179,1
236,49152,2020-02-13,04:00:00,-64.66987,-54.8736,392850.4442,3917996.883,18.0373335730461,1
237,49127,2020-02-13,04:00:00,-64.66026,-54.87253,393464.2027,3918130.592,187.518936687126,1
238,49178,2020-02-13,04:00:00,-64.6688,-54.85227,392862.5535,3920371.708,315.593764364023,1
239,49127,2020-02-13,16:00:00,-64.6592,-54.8736,393535.0349,3918013.154,71.7511793980362,1
240,49152,2020-02-13,16:00:00,-64.67947,-54.8608,392200.3566,3919406.288,37.4401141962294,1
241,49138,2020-02-13,16:00:00,-64.680534,-54.859734,392129.223,3919523.254,21.0145042350179,1
242,49180,2020-02-13,16:00:00,-64.680534,-54.858665,392126.3695,3919642.191,46.9879661166844,1
243,49178,2020-02-13,16:00:00,-64.673065,-54.856533,392600.0936,3919890.874,5.46997265332553,1
244,49127,2020-02-14,04:00:00,-64.66026,-54.87253,393464.2027,3918130.592,187.518936687126,1
245,49138,2020-02-14,04:00:00,-64.67627,-54.861866,392408.5727,3919292.604,8.11441890525213,1
246,49180,2020-02-14,04:00:00,-64.680534,-54.8608,392132.0686,3919404.651,14.8757651618388,1
247,49152,2020-02-14,04:00:00,-64.67947,-54.859734,392197.5129,3919524.892,22.2892074602402,1
248,49178,2020-02-14,04:00:00,-64.6688,-54.85227,392862.5535,3920371.708,315.593764364023,1
249,49127,2020-02-14,16:00:00,-64.66133,-54.87253,393395.5493,3918128.964,210.946800975979,1
250,49180,2020-02-14,16:00:00,-64.680534,-54.859734,392129.223,3919523.254,21.0145042350179,1
251,49138,2020-02-14,16:00:00,-64.680534,-54.8576,392123.5267,3919760.683,117.71712145324,1
252,49178,2020-02-14,16:00:00,-64.67094,-54.85227,392725.178,3920368.433,283.448949800735,1
253,49127,2020-02-15,04:00:00,-64.66026,-54.87253,393464.2027,3918130.592,187.518936687126,1
254,49180,2020-02-15,04:00:00,-64.680534,-54.8608,392132.0686,3919404.651,14.8757651618388,1
255,49127,2020-02-15,16:00:00,-64.65387,-54.88,393893.8263,3917309.172,40.0569811182892,1
256,49152,2020-02-15,16:00:00,-64.6816,-54.8608,392063.6522,3919403.009,39.2051224232796,1
257,49178,2020-02-15,16:00:00,-64.67733,-54.855465,392323.4893,3920003.153,154.370300093044,1
258,49180,2020-02-15,16:00:00,-64.65387,-54.84693,393806.9475,3920988.569,1135.88883525767,0
259,49127,2020-02-16,04:00:00,-64.66026,-54.87253,393464.2027,3918130.592,187.518936687126,1
260,49180,2020-02-16,04:00:00,-64.680534,-54.861866,392134.9142,3919286.047,4.87047086640736,1
261,49138,2020-02-16,04:00:00,-64.67947,-54.861866,392203.2004,3919287.685,6.36743167842134,1
262,49127,2020-02-16,16:00:00,-64.66133,-54.87253,393395.5493,3918128.964,210.946800975979,1
263,49152,2020-02-16,16:00:00,-64.6816,-54.8608,392063.6522,3919403.009,39.2051224232796,1
264,49178,2020-02-16,16:00:00,-64.67733,-54.8608,392337.7029,3919409.579,87.0031967344288,1
265,49138,2020-02-16,16:00:00,-64.68266,-54.859734,391992.7717,3919519.978,119.974487581847,1
266,49180,2020-02-16,16:00:00,-64.67947,-54.859734,392197.5129,3919524.892,22.2892074602402,1
267,49127,2020-02-17,04:00:00,-64.6592,-54.87253,393532.2145,3918132.204,186.403852720459,1
268,49152,2020-02-17,04:00:00,-64.673065,-54.866135,392625.6114,3918822.551,15.3290596259826,1
269,49138,2020-02-17,04:00:00,-64.67627,-54.861866,392408.5727,3919292.604,8.11441890525213,1
270,49178,2020-02-17,04:00:00,-64.6688,-54.853333,392865.371,3920253.438,275.226468323054,1
271,49152,2020-02-17,16:00:00,-64.673065,-54.8672,392628.4419,3918704.059,68.8241993309245,1
272,49127,2020-02-17,16:00:00,-64.6688,-54.864,392893.6459,3919066.622,141.152422703842,1
273,49138,2020-02-17,16:00:00,-64.68266,-54.858665,391989.9146,3919638.915,146.320405223661,1
274,49178,2020-02-17,16:00:00,-64.6784,-54.8576,392260.4987,3919763.967,42.7825007043546,1
275,49180,2020-02-17,16:00:00,-64.67947,-54.855465,392186.1249,3919999.862,253.062015896146,1
276,49127,2020-02-18,04:00:00,-64.6592,-54.87253,393532.2145,3918132.204,186.403852720459,1
277,49152,2020-02-18,04:00:00,-64.673065,-54.866135,392625.6114,3918822.551,15.3290596259826,1
278,49138,2020-02-18,04:00:00,-64.67627,-54.861866,392408.5727,3919292.604,8.11441890525213,1
279,49178,2020-02-18,04:00:00,-64.66987,-54.85227,392793.8658,3920370.071,292.603674969537,1
280,49152,2020-02-18,16:00:00,-64.664536,-54.8704,393184.2133,3918361.065,404.669102712639,0
281,49127,2020-02-18,16:00:00,-64.67094,-54.864,392756.3102,3919063.348,59.7371502212687,1
282,49138,2020-02-18,16:00:00,-64.680534,-54.858665,392126.3695,3919642.191,46.9879661166844,1
283,49178,2020-02-18,16:00:00,-64.73067,-54.845867,388873.2813,3920987.731,3538.93728029758,0
284,49180,2020-02-18,16:00:00,-64.66987,-54.842667,392768.3985,3921438.503,782.385321121845,0
285,49138,2020-02-19,04:00:00,-64.67627,-54.861866,392408.5727,3919292.604,8.11441890525213,1
286,49178,2020-02-19,04:00:00,-64.67094,-54.853333,392727.9991,3920250.163,301.679629320892,1
287,49127,2020-02-19,16:00:00,-64.658134,-54.875732,393609.0462,3917777.566,24.757600317679,1
288,49152,2020-02-19,16:00:00,-64.673065,-54.866135,392625.6114,3918822.551,15.3290596259826,1
289,49138,2020-02-19,16:00:00,-64.6752,-54.865067,392485.762,3918938.103,107.534899589278,1
290,49180,2020-02-19,16:00:00,-64.680534,-54.8608,392132.0686,3919404.651,14.8757651618388,1
291,49178,2020-02-19,16:00:00,-64.67094,-54.853333,392727.9991,3920250.163,301.679629320892,1
292,49138,2020-02-20,04:00:00,-64.67627,-54.861866,392408.5727,3919292.604,8.11441890525213,1
293,49178,2020-02-20,04:00:00,-64.67094,-54.853333,392727.9991,3920250.163,301.679629320892,1
294,49180,2020-02-20,16:00:00,-64.6432,-54.910934,394659.0855,3913883.519,3022.7154681956,0
295,49178,2020-02-20,16:00:00,-64.67733,-54.862934,392343.3887,3919172.15,1.84590333875455,1
296,49138,2020-02-20,16:00:00,-64.67627,-54.862934,392411.4164,3919173.778,44.0427667206927,1
297,49138,2020-02-21,04:00:00,-64.67627,-54.861866,392408.5727,3919292.604,8.11441890525213,1
298,49180,2020-02-21,04:00:00,-64.680534,-54.8608,392132.0686,3919404.651,14.8757651618388,1
299,49178,2020-02-21,16:00:00,-64.664536,-54.87467,393195.5048,3917885.981,141.705309310872,1
300,49152,2020-02-21,16:00:00,-64.66347,-54.8736,393261.0702,3918006.655,209.424804338762,1
301,49127,2020-02-21,16:00:00,-64.67947,-54.859734,392197.5129,3919524.892,22.2892074602402,1
302,49138,2020-02-21,16:00:00,-64.680534,-54.8576,392123.5267,3919760.683,117.71712145324,1
303,49180,2020-02-21,16:00:00,-64.65707,-54.84693,393601.4985,3920983.714,939.70722782182,0
304,49152,2020-02-22,04:00:00,-64.673065,-54.866135,392625.6114,3918822.551,15.3290596259826,1
305,49138,2020-02-22,04:00:00,-64.67627,-54.861866,392408.5727,3919292.604,8.11441890525213,1
306,49180,2020-02-22,04:00:00,-64.680534,-54.8608,392132.0686,3919404.651,14.8757651618388,1
307,49127,2020-02-22,16:00:00,-64.65387,-54.8928,393927.4631,3915885.028,1044.47658180737,0
308,49152,2020-02-22,16:00:00,-64.67947,-54.8608,392200.3566,3919406.288,37.4401141962294,1
309,49138,2020-02-22,16:00:00,-64.67627,-54.8544,392388.6942,3920123.274,204.469445127377,1
310,49180,2020-02-22,16:00:00,-64.66773,-54.850132,392925.5783,3920611.218,209.207121622495,1
311,49138,2020-02-23,04:00:00,-64.6752,-54.861866,392477.2441,3919294.247,15.2949134950136,1
312,49178,2020-02-23,04:00:00,-64.66987,-54.853333,392796.6851,3920251.801,289.319924082059,1
313,49127,2020-02-23,16:00:00,-64.66133,-54.87467,393401.1974,3917890.865,73.3637417146898,1
314,49180,2020-02-23,16:00:00,-64.66987,-54.856533,392805.1723,3919895.768,2.58191405616262,1
315,49178,2020-02-23,16:00:00,-64.69013,-54.8448,391473.243,3921169.992,1331.35486526093,0
316,49152,2020-02-23,16:00:00,-64.73814,-54.82453,388334.7891,3923349.785,5130.61726229153,0
317,49138,2020-02-24,04:00:00,-64.67947,-54.861866,392203.2004,3919287.685,6.36743167842134,1
318,49178,2020-02-24,04:00:00,-64.672,-54.85227,392657.1322,3920366.809,289.236902450078,1
319,49127,2020-02-24,16:00:00,-64.67094,-54.865067,392759.1424,3918944.633,36.2924384651368,1
320,49180,2020-02-24,16:00:00,-64.67627,-54.862934,392411.4164,3919173.778,44.0427667206927,1
321,49152,2020-02-24,16:00:00,-64.68266,-54.8608,391995.6209,3919401.375,106.814941132125,1
322,49138,2020-02-24,16:00:00,-64.73493,-54.8544,388623.2862,3920031.592,3501.00977436484,0
323,49178,2020-02-24,16:00:00,-64.6752,-54.8544,392457.3783,3920124.917,184.071768453494,1
324,49127,2020-02-25,04:00:00,-64.6592,-54.871468,393529.4152,3918250.363,303.590430971419,1
325,49138,2020-02-25,04:00:00,-64.6752,-54.861866,392477.2441,3919294.247,15.2949134950136,1
326,49180,2020-02-25,04:00:00,-64.67733,-54.8608,392337.7029,3919409.579,87.0031967344288,1
327,49178,2020-02-25,04:00:00,-64.67094,-54.853333,392727.9991,3920250.163,301.679629320892,1
328,49127,2020-02-25,16:00:00,-64.6496,-54.88,394167.7481,3917315.633,11.1180964611256,1
329,49152,2020-02-25,16:00:00,-64.673065,-54.8672,392628.4419,3918704.059,68.8241993309245,1
330,49180,2020-02-25,16:00:00,-64.67733,-54.861866,392340.5431,3919290.976,2.82776469146023,1
331,49138,2020-02-25,16:00:00,-64.67413,-54.8608,392543.0807,3919414.493,67.2012018044543,1
332,49178,2020-02-25,16:00:00,-64.6752,-54.8544,392457.3783,3920124.917,184.071768453494,1
333,49127,2020-02-26,04:00:00,-64.673065,-54.865067,392622.773,3918941.378,116.243825012706,1
334,49180,2020-02-26,04:00:00,-64.67733,-54.8608,392337.7029,3919409.579,87.0031967344288,1
335,49178,2020-02-26,04:00:00,-64.67094,-54.85227,392725.178,3920368.433,283.448949800735,1
336,49127,2020-02-26,16:00:00,-64.66026,-54.87253,393464.2027,3918130.592,187.518936687126,1
337,49152,2020-02-26,16:00:00,-64.6688,-54.8704,392910.6121,3918354.554,282.481664154567,1
338,49138,2020-02-26,16:00:00,-64.680534,-54.858665,392126.3695,3919642.191,46.9879661166844,1
339,49178,2020-02-26,16:00:00,-64.67094,-54.848,392713.8463,3920843.515,185.744705583478,1
340,49152,2020-02-27,04:00:00,-64.6752,-54.866135,392488.604,3918819.276,140.634432980177,1
341,49138,2020-02-27,04:00:00,-64.67627,-54.861866,392408.5727,3919292.604,8.11441890525213,1
342,49178,2020-02-27,04:00:00,-64.67094,-54.853333,392727.9991,3920250.163,301.679629320892,1
343,49178,2020-02-27,16:00:00,-64.672,-54.8704,392705.2829,3918349.657,273.556972167977,1
344,49152,2020-02-27,16:00:00,-64.67094,-54.868267,392767.6363,3918588.599,113.650091825638,1
345,49138,2020-02-27,16:00:00,-64.67733,-54.862934,392343.3887,3919172.15,1.84590333875455,1
346,49152,2020-02-28,04:00:00,-64.672,-54.866135,392693.9547,3918824.183,12.0714185664722,1
347,49138,2020-02-28,04:00:00,-64.67627,-54.861866,392408.5727,3919292.604,8.11441890525213,1
348,49180,2020-02-28,04:00:00,-64.6816,-54.859734,392060.8048,3919521.612,55.9984188650191,1
349,49178,2020-02-28,04:00:00,-64.672,-54.85227,392657.1322,3920366.809,289.236902450078,1
350,49138,2020-02-28,16:00:00,-64.6496,-54.8928,394201.298,3915891.488,988.198856132278,0
351,49127,2020-02-28,16:00:00,-64.64854,-54.882133,394241.3343,3917079.914,41.3647707691213,1
352,49178,2020-02-28,16:00:00,-64.65707,-54.875732,393677.3092,3917779.182,52.3029584661086,1
353,49152,2020-02-28,16:00:00,-64.67094,-54.8672,392764.8041,3918707.314,21.0774256553349,1
354,49152,2020-02-29,04:00:00,-64.67094,-54.871468,392776.1332,3918232.454,146.835478546794,1
355,49138,2020-02-29,04:00:00,-64.67627,-54.861866,392408.5727,3919292.604,8.11441890525213,1
356,49178,2020-02-29,04:00:00,-64.666664,-54.85227,392999.6723,3920374.972,380.081043225559,0
357,49127,2020-02-29,16:00:00,-64.6752,-54.856533,392463.0536,3919887.599,5.63551795395603,1
358,49138,2020-02-29,16:00:00,-64.673065,-54.856533,392600.0936,3919890.874,5.46997265332553,1
359,49178,2020-02-29,16:00:00,-64.666664,-54.855465,393008.1299,3920019.495,38.434008977617,1
360,49152,2020-02-29,16:00:00,-64.69227,-54.8064,391232.6668,3925439.039,5003.2876666238,0
361,49180,2020-02-29,16:00:00,-64.6912,-54.8064,391301.4322,3925440.699,4985.1271898846,0
362,49127,2020-03-01,04:00:00,-64.67094,-54.864,392756.3102,3919063.348,59.7371502212687,1
363,49138,2020-03-01,04:00:00,-64.67627,-54.861866,392408.5727,3919292.604,8.11441890525213,1
364,49180,2020-03-01,04:00:00,-64.6816,-54.859734,392060.8048,3919521.612,55.9984188650191,1
365,49178,2020-03-01,04:00:00,-64.66773,-54.85227,392931.2413,3920373.343,350.609424007425,1
366,49152,2020-03-01,04:00:00,-64.72747,-54.817066,388999.7327,3924197.169,5122.62192283551,0
367,49127,2020-03-01,16:00:00,-64.67094,-54.865067,392759.1424,3918944.633,36.2924384651368,1
368,49180,2020-03-01,16:00:00,-64.6816,-54.8608,392063.6522,3919403.009,39.2051224232796,1
369,49138,2020-03-01,16:00:00,-64.68266,-54.858665,391989.9146,3919638.915,146.320405223661,1
370,49178,2020-03-01,16:00:00,-64.6688,-54.855465,392871.022,3920016.231,42.5857513412872,1
371,49127,2020-03-02,04:00:00,-64.67094,-54.864,392756.3102,3919063.348,59.7371502212687,1
372,49138,2020-03-02,04:00:00,-64.67413,-54.862934,392548.7556,3919177.063,17.0309104421846,1
373,49180,2020-03-02,04:00:00,-64.6816,-54.8608,392063.6522,3919403.009,39.2051224232796,1
374,49178,2020-03-02,04:00:00,-64.66987,-54.853333,392796.6851,3920251.801,289.319924082059,1
375,49127,2020-03-02,16:00:00,-64.664536,-54.87253,393189.8457,3918124.079,230.879318311119,1
376,49152,2020-03-02,16:00:00,-64.673065,-54.8672,392628.4419,3918704.059,68.8241993309245,1
377,49138,2020-03-02,16:00:00,-64.673065,-54.8608,392611.433,3919416.126,123.943998384533,1
378,49180,2020-03-02,16:00:00,-64.6816,-54.859734,392060.8048,3919521.612,55.9984188650191,1
379,49178,2020-03-02,16:00:00,-64.6784,-54.858665,392263.3379,3919645.475,4.26675332030062,1
380,49127,2020-03-03,04:00:00,-64.673065,-54.865067,392622.773,3918941.378,116.243825012706,1
381,49138,2020-03-03,04:00:00,-64.67413,-54.861866,392545.9155,3919295.889,54.1789681757994,1
382,49178,2020-03-03,04:00:00,-64.66987,-54.853333,392796.6851,3920251.801,289.319924082059,1
383,49127,2020-03-03,16:00:00,-64.6688,-54.864,392893.6459,3919066.622,141.152422703842,1
384,49138,2020-03-03,16:00:00,-64.6752,-54.862934,392480.086,3919175.421,20.7478309171573,1
385,49180,2020-03-03,16:00:00,-64.6816,-54.861866,392066.4996,3919284.405,2.55663398258246,1
386,49178,2020-03-03,16:00:00,-64.6688,-54.845867,392845.5832,3921084.108,445.115774878211,0
387,49152,2020-03-03,16:00:00,-64.65493,-54.781868,393567.9616,3928225.761,7615.63916344709,0
388,49127,2020-03-04,04:00:00,-64.66987,-54.864,392824.9781,3919064.986,111.807028923392,1
389,49138,2020-03-04,04:00:00,-64.67413,-54.861866,392545.9155,3919295.889,54.1789681757994,1
390,49178,2020-03-04,04:00:00,-64.66987,-54.853333,392796.6851,3920251.801,289.319924082059,1
391,49138,2020-03-04,16:00:00,-64.6368,-54.903465,395049.9036,3914724.146,2297.91763658145,0
392,49152,2020-03-04,16:00:00,-64.672,-54.865067,392691.1181,3918943.01,85.114295847006,1
393,49127,2020-03-04,16:00:00,-64.6688,-54.864,392893.6459,3919066.622,141.152422703842,1
394,49178,2020-03-04,16:00:00,-64.66987,-54.84693,392779.7036,3920964.201,312.725993714211,1
395,49180,2020-03-04,16:00:00,-64.62614,-54.842667,395576.2869,3921504.552,2978.86055697863,0
396,49138,2020-03-05,04:00:00,-64.6496,-54.88,394167.7481,3917315.633,11.1180964611256,1
397,49152,2020-03-05,04:00:00,-64.673065,-54.866135,392625.6114,3918822.551,15.3290596259826,1
398,49127,2020-03-05,04:00:00,-64.672,-54.865067,392691.1181,3918943.01,85.114295847006,1
399,49178,2020-03-05,04:00:00,-64.66987,-54.85227,392793.8658,3920370.071,292.603674969537,1
400,49127,2020-03-05,16:00:00,-64.67094,-54.866135,392761.9772,3918825.807,26.9074860925813,1
401,49178,2020-03-05,16:00:00,-64.66987,-54.866135,392830.6414,3918827.444,3.85044152460807,1
402,49152,2020-03-05,16:00:00,-64.672,-54.865067,392691.1181,3918943.01,85.114295847006,1
403,49138,2020-03-05,16:00:00,-64.67947,-54.861866,392203.2004,3919287.685,6.36743167842134,1
404,49180,2020-03-05,16:00:00,-64.6752,-54.8608,392474.4075,3919412.851,52.8064337201654,1
405,49152,2020-03-06,04:00:00,-64.673065,-54.866135,392625.6114,3918822.551,15.3290596259826,1
406,49127,2020-03-06,04:00:00,-64.672,-54.865067,392691.1181,3918943.01,85.114295847006,1
407,49138,2020-03-06,04:00:00,-64.6752,-54.861866,392477.2441,3919294.247,15.2949134950136,1
408,49180,2020-03-06,04:00:00,-64.6784,-54.8608,392269.0298,3919407.934,71.684410942013,1
409,49178,2020-03-06,04:00:00,-64.66987,-54.853333,392796.6851,3920251.801,289.319924082059,1
410,49152,2020-03-06,16:00:00,-64.673065,-54.866135,392625.6114,3918822.551,15.3290596259826,1
411,49138,2020-03-06,16:00:00,-64.67094,-54.864,392756.3102,3919063.348,59.7371502212687,1
412,49178,2020-03-06,16:00:00,-64.65707,-54.821335,393534.1517,3923831.422,3277.03331430611,0
413,49180,2020-03-06,16:00:00,-64.70506,-54.7968,390384.7145,3926487.204,6274.38468830995,0
414,49138,2020-03-07,04:00:00,-64.6752,-54.861866,392477.2441,3919294.247,15.2949134950136,1
415,49127,2020-03-07,16:00:00,-64.666664,-54.868267,393042.0219,3918595.137,298.693685727812,1
416,49152,2020-03-07,16:00:00,-64.672,-54.8672,392696.7834,3918705.691,11.899765547187,1
417,49138,2020-03-07,16:00:00,-64.67413,-54.864,392551.5904,3919058.459,27.0301925974348,1
418,49178,2020-03-07,16:00:00,-64.66987,-54.8512,392791.028,3920489.119,178.887550138432,1
419,49152,2020-03-08,04:00:00,-64.673065,-54.8672,392628.4419,3918704.059,68.8241993309245,1
420,49127,2020-03-08,04:00:00,-64.66987,-54.864,392824.9781,3919064.986,111.807028923392,1
421,49138,2020-03-08,04:00:00,-64.6752,-54.861866,392477.2441,3919294.247,15.2949134950136,1
422,49180,2020-03-08,04:00:00,-64.680534,-54.8608,392132.0686,3919404.651,14.8757651618388,1
423,49178,2020-03-08,04:00:00,-64.66987,-54.853333,392796.6851,3920251.801,289.319924082059,1
424,49152,2020-03-08,16:00:00,-64.672,-54.864,392688.2842,3919061.725,44.3473321874219,1
425,49138,2020-03-08,16:00:00,-64.6752,-54.861866,392477.2441,3919294.247,15.2949134950136,1
426,49178,2020-03-08,16:00:00,-64.67947,-54.859734,392197.5129,3919524.892,22.2892074602402,1
427,49152,2020-03-09,04:00:00,-64.673065,-54.8672,392628.4419,3918704.059,68.8241993309245,1
428,49178,2020-03-09,04:00:00,-64.66987,-54.853333,392796.6851,3920251.801,289.319924082059,1
429,49152,2020-03-09,16:00:00,-64.65493,-54.8928,393859.4854,3915883.422,1068.89273492209,0
430,49138,2020-03-09,16:00:00,-64.673065,-54.87253,392642.6081,3918111.04,133.660474186718,1
431,49180,2020-03-09,16:00:00,-64.680534,-54.8608,392132.0686,3919404.651,14.8757651618388,1
432,49178,2020-03-09,16:00:00,-64.6912,-54.805332,391298.5652,3925559.524,5100.06706036521,0
433,49127,2020-03-09,16:00:00,-64.69973,-54.80213,390741.7165,3925902.514,5600.3920842449,0
434,49152,2020-03-10,04:00:00,-64.673065,-54.8672,392628.4419,3918704.059,68.8241993309245,1
435,49127,2020-03-10,04:00:00,-64.67094,-54.865067,392759.1424,3918944.633,36.2924384651368,1
436,49138,2020-03-10,04:00:00,-64.67413,-54.861866,392545.9155,3919295.889,54.1789681757994,1
437,49127,2020-03-10,16:00:00,-64.67094,-54.866135,392761.9772,3918825.807,26.9074860925813,1
438,49180,2020-03-10,16:00:00,-64.680534,-54.8608,392132.0686,3919404.651,14.8757651618388,1
439,49138,2020-03-10,16:00:00,-64.6624,-54.8576,393287.4698,3919788.457,265.723048533713,1
440,49178,2020-03-10,16:00:00,-64.673065,-54.855465,392597.2556,3920009.7,30.5312344829691,1
441,49152,2020-03-10,16:00:00,-64.69973,-54.8032,390744.6033,3925783.467,5487.99981648558,0
442,49127,2020-03-11,04:00:00,-64.66987,-54.864,392824.9781,3919064.986,111.807028923392,1
443,49138,2020-03-11,04:00:00,-64.672,-54.861866,392682.6165,3919299.154,28.6451112086743,1
444,49178,2020-03-11,04:00:00,-64.672,-54.853333,392659.9551,3920248.54,276.051417591417,1
445,49152,2020-03-11,04:00:00,-64.7008,-54.8032,390675.8325,3925781.799,5511.34460571234,0
446,49138,2020-03-11,16:00:00,-64.6592,-54.8736,393535.0349,3918013.154,71.7511793980362,1
447,49152,2020-03-11,16:00:00,-64.67413,-54.866135,392557.2681,3918820.918,74.0876730270578,1
448,49127,2020-03-11,16:00:00,-64.673065,-54.866135,392625.6114,3918822.551,15.3290596259826,1
449,49180,2020-03-11,16:00:00,-64.67947,-54.855465,392186.1249,3919999.862,253.062015896146,1
450,49178,2020-03-11,16:00:00,-64.673065,-54.8544,392594.4255,3920128.193,144.669479490125,1
451,49138,2020-03-12,04:00:00,-64.672,-54.861866,392682.6165,3919299.154,28.6451112086743,1
452,49127,2020-03-12,04:00:00,-64.68266,-54.859734,391992.7717,3919519.978,119.974487581847,1
453,49127,2020-03-12,16:00:00,-64.65707,-54.875732,393677.3092,3917779.182,52.3029584661086,1
454,49180,2020-03-12,16:00:00,-64.680534,-54.8608,392132.0686,3919404.651,14.8757651618388,1
455,49138,2020-03-12,16:00:00,-64.67627,-54.858665,392400.0497,3919648.749,36.4711293052809,1
456,49178,2020-03-12,16:00:00,-64.67413,-54.8576,392534.5714,3919770.526,51.1367364585953,1
457,49152,2020-03-12,16:00:00,-64.67094,-54.8544,392730.8309,3920131.448,200.195602230479,1
458,49127,2020-03-13,04:00:00,-64.658134,-54.87253,393600.6113,3918133.823,207.973916363058,1
459,49152,2020-03-13,04:00:00,-64.6752,-54.865067,392485.762,3918938.103,107.534899589278,1
460,49138,2020-03-13,04:00:00,-64.672,-54.861866,392682.6165,3919299.154,28.6451112086743,1
461,49180,2020-03-13,04:00:00,-64.680534,-54.859734,392129.223,3919523.254,21.0145042350179,1
462,49152,2020-03-13,16:00:00,-64.6752,-54.866135,392488.604,3918819.276,140.634432980177,1
463,49127,2020-03-13,16:00:00,-64.67094,-54.865067,392759.1424,3918944.633,36.2924384651368,1
464,49138,2020-03-13,16:00:00,-64.6816,-54.861866,392066.4996,3919284.405,2.55663398258246,1
465,49178,2020-03-13,16:00:00,-64.66987,-54.855465,392802.3396,3920014.594,77.2260153545012,1
466,49180,2020-03-13,16:00:00,-64.67094,-54.85227,392725.178,3920368.433,283.448949800735,1
467,49127,2020-03-14,04:00:00,-64.67094,-54.865067,392759.1424,3918944.633,36.2924384651368,1
468,49138,2020-03-14,04:00:00,-64.6752,-54.861866,392477.2441,3919294.247,15.2949134950136,1
469,49178,2020-03-14,04:00:00,-64.666664,-54.8512,392996.84,3920494.021,319.129498945065,1
470,49138,2020-03-14,16:00:00,-64.6752,-54.861866,392477.2441,3919294.247,15.2949134950136,1
471,49127,2020-03-14,16:00:00,-64.67413,-54.861866,392545.9155,3919295.889,54.1789681757994,1
472,49180,2020-03-14,16:00:00,-64.67947,-54.8608,392200.3566,3919406.288,37.4401141962294,1
473,49152,2020-03-14,16:00:00,-64.69334,-54.78507,391106.5755,3927810.532,7329.80596426969,0
474,49178,2020-03-14,16:00:00,-64.3456,-54.727467,413344.1468,3934704.278,24953.6763472081,0
475,49127,2020-03-15,04:00:00,-64.66987,-54.864,392824.9781,3919064.986,111.807028923392,1
476,49138,2020-03-15,04:00:00,-64.6752,-54.861866,392477.2441,3919294.247,15.2949134950136,1
477,49152,2020-03-15,04:00:00,-64.66347,-54.850132,393199.0601,3920617.72,479.476429630728,0
478,49127,2020-03-15,16:00:00,-64.67413,-54.865067,392554.4279,3918939.744,127.714101233182,1
479,49138,2020-03-15,16:00:00,-64.6752,-54.861866,392477.2441,3919294.247,15.2949134950136,1
480,49178,2020-03-15,16:00:00,-64.673065,-54.861866,392614.266,3919297.522,70.3989933585239,1
481,49180,2020-03-15,16:00:00,-64.67947,-54.859734,392197.5129,3919524.892,22.2892074602402,1
482,49127,2020-03-16,04:00:00,-64.67413,-54.866135,392557.2681,3918820.918,74.0876730270578,1
483,49138,2020-03-16,04:00:00,-64.6752,-54.861866,392477.2441,3919294.247,15.2949134950136,1
484,49178,2020-03-16,04:00:00,-64.664536,-54.8512,393133.4489,3920497.269,441.511722463192,0
485,49178,2020-03-16,16:00:00,-64.67094,-54.8544,392730.8309,3920131.448,200.195602230479,1
486,49127,2020-03-17,04:00:00,-64.67413,-54.865067,392554.4279,3918939.744,127.714101233182,1
487,49138,2020-03-17,04:00:00,-64.6752,-54.861866,392477.2441,3919294.247,15.2949134950136,1
488,49178,2020-03-17,04:00:00,-64.664536,-54.8512,393133.4489,3920497.269,441.511722463192,0
489,49152,2020-03-17,16:00:00,-64.673065,-54.866135,392625.6114,3918822.551,15.3290596259826,1
490,49127,2020-03-17,16:00:00,-64.673065,-54.866135,392625.6114,3918822.551,15.3290596259826,1
491,49138,2020-03-17,16:00:00,-64.67627,-54.859734,392402.896,3919529.812,69.0299367022912,1
492,49178,2020-03-17,16:00:00,-64.66987,-54.8544,392799.515,3920133.086,179.357947813977,1
493,49180,2020-03-17,16:00:00,-64.66347,-54.853333,393207.5171,3920261.576,351.515878352226,1
494,49127,2020-03-18,04:00:00,-64.673065,-54.866135,392625.6114,3918822.551,15.3290596259826,1
495,49138,2020-03-18,04:00:00,-64.67627,-54.861866,392408.5727,3919292.604,8.11441890525213,1
496,49178,2020-03-18,04:00:00,-64.66987,-54.8512,392791.028,3920489.119,178.887550138432,1
497,49152,2020-03-18,16:00:00,-64.66987,-54.8672,392833.4664,3918708.952,61.1113751389389,1
498,49127,2020-03-18,16:00:00,-64.673065,-54.865067,392622.773,3918941.378,116.243825012706,1
499,49138,2020-03-18,16:00:00,-64.67627,-54.861866,392408.5727,3919292.604,8.11441890525213,1
500,49178,2020-03-18,16:00:00,-64.67413,-54.8544,392526.0624,3920126.559,152.362129098135,1
501,49127,2020-03-19,04:00:00,-64.673065,-54.865067,392622.773,3918941.378,116.243825012706,1
502,49138,2020-03-19,04:00:00,-64.6752,-54.8608,392474.4075,3919412.851,52.8064337201654,1
503,49178,2020-03-19,04:00:00,-64.664536,-54.85227,393136.2776,3920378.22,414.230192553969,0
504,49152,2020-03-19,16:00:00,-64.67094,-54.866135,392761.9772,3918825.807,26.9074860925813,1
505,49138,2020-03-19,16:00:00,-64.67627,-54.862934,392411.4164,3919173.778,44.0427667206927,1
506,49180,2020-03-19,16:00:00,-64.67627,-54.862934,392411.4164,3919173.778,44.0427667206927,1
507,49127,2020-03-19,16:00:00,-63.922134,-54.794666,440712.4439,3927667.709,47390.7208964977,0
508,49152,2020-03-20,16:00:00,-64.66987,-54.869335,392839.1299,3918471.41,250.871154128853,1
509,49138,2020-03-20,16:00:00,-64.67627,-54.862934,392411.4164,3919173.778,44.0427667206927,1
510,49180,2020-03-20,16:00:00,-64.67947,-54.861866,392203.2004,3919287.685,6.36743167842134,1
511,49178,2020-03-20,16:00:00,-64.67413,-54.8544,392526.0624,3920126.559,152.362129098135,1
512,49127,2020-03-20,16:00:00,-64.1824,-54.746666,423889.6015,3932757.392,33249.852034476,0
513,49180,2020-03-21,04:00:00,-64.67947,-54.859734,392197.5129,3919524.892,22.2892074602402,1
514,49178,2020-03-21,04:00:00,-64.66987,-54.853333,392796.6851,3920251.801,289.319924082059,1
515,49127,2020-03-21,16:00:00,-64.67094,-54.8672,392764.8041,3918707.314,21.0774256553349,1
516,49138,2020-03-21,16:00:00,-64.67413,-54.861866,392545.9155,3919295.889,54.1789681757994,1
517,49180,2020-03-21,16:00:00,-64.67947,-54.8576,392191.8201,3919762.321,87.9395025885033,1
518,49178,2020-03-21,16:00:00,-64.672,-54.85227,392657.1322,3920366.809,289.236902450078,1
519,49127,2020-03-22,04:00:00,-64.672,-54.866135,392693.9547,3918824.183,12.0714185664722,1
520,49138,2020-03-22,04:00:00,-64.67413,-54.861866,392545.9155,3919295.889,54.1789681757994,1
521,49178,2020-03-22,04:00:00,-64.672,-54.853333,392659.9551,3920248.54,276.051417591417,1
522,49127,2020-03-22,16:00:00,-64.673065,-54.868267,392631.2777,3918585.344,128.524968140033,1
523,49138,2020-03-22,16:00:00,-64.67413,-54.861866,392545.9155,3919295.889,54.1789681757994,1
524,49178,2020-03-22,16:00:00,-64.67627,-54.855465,392391.5297,3920004.782,103.824980795075,1
525,49180,2020-03-22,16:00:00,-64.656,-54.84693,393670.1955,3920985.339,1004.8912564025,0
526,49152,2020-03-22,16:00:00,-64.69867,-54.804268,390815.611,3925666.294,5353.26586203118,0
527,49138,2020-03-23,04:00:00,-64.67413,-54.861866,392545.9155,3919295.889,54.1789681757994,1
528,49180,2020-03-23,04:00:00,-64.67947,-54.859734,392197.5129,3919524.892,22.2892074602402,1
529,49178,2020-03-23,04:00:00,-64.66987,-54.853333,392796.6851,3920251.801,289.319924082059,1
530,49152,2020-03-23,16:00:00,-64.673065,-54.868267,392631.2777,3918585.344,128.524968140033,1
531,49127,2020-03-23,16:00:00,-64.6688,-54.864,392893.6459,3919066.622,141.152422703842,1
532,49138,2020-03-23,16:00:00,-64.66987,-54.859734,392813.6625,3919539.623,149.367108788728,1
533,49178,2020-03-23,16:00:00,-64.673065,-54.8576,392602.9291,3919772.159,25.5698327258112,1
534,49180,2020-03-23,16:00:00,-64.69013,-54.7872,391318.6935,3927578.531,7058.87290068258,0
535,49152,2020-03-24,04:00:00,-64.673065,-54.866135,392625.6114,3918822.551,15.3290596259826,1
536,49138,2020-03-24,04:00:00,-64.67413,-54.861866,392545.9155,3919295.889,54.1789681757994,1
537,49178,2020-03-24,04:00:00,-64.6688,-54.85227,392862.5535,3920371.708,315.593764364023,1
538,49152,2020-03-24,16:00:00,-64.65493,-54.8736,393808.9999,3918019.637,90.3091348248778,1
539,49138,2020-03-24,16:00:00,-64.6752,-54.862934,392480.086,3919175.421,20.7478309171573,1
540,49180,2020-03-24,16:00:00,-64.680534,-54.859734,392129.223,3919523.254,21.0145042350179,1
541,49178,2020-03-24,16:00:00,-64.673065,-54.855465,392597.2556,3920009.7,30.5312344829691,1
542,49127,2020-03-24,16:00:00,-64.66987,-54.855465,392802.3396,3920014.594,77.2260153545012,1
543,49152,2020-03-25,04:00:00,-64.673065,-54.866135,392625.6114,3918822.551,15.3290596259826,1
544,49138,2020-03-25,04:00:00,-64.67413,-54.861866,392545.9155,3919295.889,54.1789681757994,1
545,49180,2020-03-25,04:00:00,-64.68373,-54.859734,391924.0968,3919518.328,187.394875408688,1
546,49178,2020-03-25,04:00:00,-64.672,-54.853333,392659.9551,3920248.54,276.051417591417,1
547,49152,2020-03-25,16:00:00,-64.66026,-54.87467,393469.8472,3917892.493,41.2698994528723,1
548,49138,2020-03-25,16:00:00,-64.672,-54.864,392688.2842,3919061.725,44.3473321874219,1
549,49127,2020-03-25,16:00:00,-64.67627,-54.856533,392394.3732,3919885.956,17.5017477191471,1
550,49178,2020-03-25,16:00:00,-64.6752,-54.8544,392457.3783,3920124.917,184.071768453494,1
551,49180,2020-03-25,16:00:00,-64.6656,-54.853333,393070.787,3920258.327,278.784859881161,1
552,49152,2020-03-26,04:00:00,-64.673065,-54.865067,392622.773,3918941.378,116.243825012706,1
553,49180,2020-03-26,04:00:00,-64.68266,-54.861866,391998.4701,3919282.771,43.7842593832703,1
554,49138,2020-03-26,04:00:00,-64.673065,-54.861866,392614.266,3919297.522,70.3989933585239,1
555,49178,2020-03-26,04:00:00,-64.67413,-54.853333,392523.2252,3920245.274,267.249555510959,1
556,49152,2020-03-26,16:00:00,-64.66026,-54.875732,393472.6484,3917774.334,30.5868531585871,1
557,49138,2020-03-26,16:00:00,-64.673065,-54.861866,392614.266,3919297.522,70.3989933585239,1
558,49178,2020-03-26,16:00:00,-64.67413,-54.8544,392526.0624,3920126.559,152.362129098135,1
559,49180,2020-03-26,16:00:00,-64.6592,-54.784,393298.9879,3927982.066,7347.34251730434,0
560,49138,2020-03-27,04:00:00,-64.673065,-54.861866,392614.266,3919297.522,70.3989933585239,1
561,49180,2020-03-27,04:00:00,-64.51307,-54.7968,402726.3896,3926770.487,11726.1459751111,0
562,49127,2020-03-27,16:00:00,-64.66347,-54.87467,393263.8979,3917887.606,96.6973421466242,1
563,49152,2020-03-27,16:00:00,-64.67413,-54.866135,392557.2681,3918820.918,74.0876730270578,1
564,49138,2020-03-27,16:00:00,-64.673065,-54.861866,392614.266,3919297.522,70.3989933585239,1
565,49180,2020-03-27,16:00:00,-64.6816,-54.859734,392060.8048,3919521.612,55.9984188650191,1
566,49178,2020-03-27,16:00:00,-64.67413,-54.853333,392523.2252,3920245.274,267.249555510959,1
567,49127,2020-03-28,04:00:00,-64.673065,-54.864,392619.9373,3919060.093,2.28913631792007,1
568,49138,2020-03-28,04:00:00,-64.673065,-54.861866,392614.266,3919297.522,70.3989933585239,1
569,49180,2020-03-28,04:00:00,-64.6816,-54.859734,392060.8048,3919521.612,55.9984188650191,1
570,49178,2020-03-28,04:00:00,-64.673065,-54.853333,392591.5901,3920246.907,262.939005928729,1
571,49152,2020-03-28,16:00:00,-64.66133,-54.88,393415.2656,3917297.845,197.790795993737,1
572,49127,2020-03-28,16:00:00,-64.673065,-54.861866,392614.266,3919297.522,70.3989933585239,1
573,49138,2020-03-28,16:00:00,-64.673065,-54.861866,392614.266,3919297.522,70.3989933585239,1
574,49178,2020-03-28,16:00:00,-64.673065,-54.856533,392600.0936,3919890.874,5.46997265332553,1
575,49180,2020-03-28,16:00:00,-64.72747,-54.8544,389102.1443,3920043.427,3038.21051405744,0
576,49127,2020-03-29,04:00:00,-64.673065,-54.865067,392622.773,3918941.378,116.243825012706,1
577,49138,2020-03-29,04:00:00,-64.673065,-54.862934,392617.1043,3919178.696,1.84855075933725,1
578,49180,2020-03-29,04:00:00,-64.733864,-54.858665,388703.4586,3919558.766,3350.12278515188,0
579,49152,2020-03-29,16:00:00,-64.67094,-54.868267,392767.6363,3918588.599,113.650091825638,1
580,49180,2020-03-29,16:00:00,-64.733864,-54.858665,388703.4586,3919558.766,3350.12278515188,0
581,49127,2020-03-29,16:00:00,-64.6816,-54.8576,392055.1048,3919759.041,167.795900352163,1
582,49178,2020-03-29,16:00:00,-64.6688,-54.855465,392871.022,3920016.231,42.5857513412872,1
583,49138,2020-03-29,16:00:00,-64.58453,-54.8352,398229.2816,3922396.562,5773.77981872811,0
584,49152,2020-03-30,04:00:00,-64.67094,-54.866135,392761.9772,3918825.807,26.9074860925813,1
585,49138,2020-03-30,04:00:00,-64.673065,-54.861866,392614.266,3919297.522,70.3989933585239,1
586,49180,2020-03-30,04:00:00,-64.733864,-54.858665,388703.4586,3919558.766,3350.12278515188,0
587,49178,2020-03-30,04:00:00,-64.66987,-54.853333,392796.6851,3920251.801,289.319924082059,1
588,49152,2020-03-30,16:00:00,-64.6592,-54.88,393551.9055,3917301.084,65.7617766698449,1
589,49138,2020-03-30,16:00:00,-64.67413,-54.856533,392531.7341,3919889.241,1.75131595618354,1
590,49178,2020-03-30,16:00:00,-64.673065,-54.856533,392600.0936,3919890.874,5.46997265332553,1
591,49127,2020-03-30,16:00:00,-64.544,-54.725334,400563.0427,3934678.521,16066.2783743408,0
592,49127,2020-03-31,04:00:00,-64.673065,-54.865067,392622.773,3918941.378,116.243825012706,1
593,49138,2020-03-31,04:00:00,-64.67094,-54.8608,392747.8168,3919419.382,52.8592448630593,1
594,49180,2020-03-31,04:00:00,-64.733864,-54.8576,388700.5255,3919677.257,3365.15125275539,0
595,49178,2020-03-31,04:00:00,-64.66347,-54.85227,393204.7087,3920379.846,446.332468863968,0
596,49127,2020-03-31,16:00:00,-64.673065,-54.865067,392622.773,3918941.378,116.243825012706,1
597,49138,2020-03-31,16:00:00,-64.67094,-54.8608,392747.8168,3919419.382,52.8592448630593,1
598,49180,2020-03-31,16:00:00,-64.736,-54.856533,388560.4843,3919792.575,3519.33580446051,0
599,49152,2020-03-31,16:00:00,-64.67733,-54.8544,392320.6521,3920121.645,238.056279893318,1
600,49178,2020-03-31,16:00:00,-64.673065,-54.8544,392594.4255,3920128.193,144.669479490125,1
601,49127,2020-04-01,04:00:00,-64.673065,-54.865067,392622.773,3918941.378,116.243825012706,1
602,49180,2020-04-01,04:00:00,-64.736,-54.858665,388566.3631,3919555.37,3486.46942329346,0
603,49178,2020-04-01,04:00:00,-64.66987,-54.8544,392799.515,3920133.086,179.357947813977,1
604,49152,2020-04-01,16:00:00,-64.66026,-54.881065,393486.7156,3917180.979,116.441848907066,1
605,49178,2020-04-01,16:00:00,-64.67094,-54.871468,392776.1332,3918232.454,146.835478546794,1
606,49138,2020-04-01,16:00:00,-64.67413,-54.862934,392548.7556,3919177.063,17.0309104421846,1
607,49127,2020-04-01,16:00:00,-64.73067,-54.80747,388767.7705,3925259.733,6055.28149959817,0
608,49180,2020-04-01,16:00:00,-64.7328,-54.8064,388627.9437,3925375.398,6234.12945962378,0
609,49138,2020-04-02,04:00:00,-64.67094,-54.8608,392747.8168,3919419.382,52.8592448630593,1
610,49180,2020-04-02,04:00:00,-64.72853,-54.80747,388905.2968,3925263.127,5969.47528955154,0
611,49152,2020-04-02,16:00:00,-64.6752,-54.8704,392499.9539,3918344.75,378.875498646952,0
612,49138,2020-04-02,16:00:00,-64.67627,-54.862934,392411.4164,3919173.778,44.0427667206927,1
613,49127,2020-04-02,16:00:00,-64.746666,-54.8544,387869.9525,3920012.871,4236.36022683494,0
614,49178,2020-04-02,16:00:00,-64.74987,-54.834133,387607.9662,3922262.617,5253.13995007832,0
615,49180,2020-04-02,16:00:00,-64.4288,-54.7584,408056.5718,3931156.665,18586.4708076698,0
616,49152,2020-04-03,04:00:00,-64.67413,-54.866135,392557.2681,3918820.918,74.0876730270578,1
617,49178,2020-04-03,04:00:00,-64.71467,-54.797867,389769.87,3926353.423,6407.22725620016,0
618,49180,2020-04-03,04:00:00,-64.25066,-54.727467,419457.8921,3934817.384,30255.969449146,0
619,49138,2020-04-03,16:00:00,-64.72,-54.849068,389567.079,3920648.461,2767.3190197853,0
620,49127,2020-04-03,16:00:00,-64.73493,-54.8064,388491.0564,3925372.011,6321.89672757756,0
621,49152,2020-04-03,16:00:00,-64.67413,-54.798935,392378.6311,3926297.587,5649.93683077138,0
622,49180,2020-04-03,16:00:00,-64.28053,-54.7296,417538.71,3934545.363,28440.2962183108,0
623,49178,2020-04-03,16:00:00,-64.546135,-54.725334,400425.5552,3934675.494,15996.9458933191,0
624,49138,2020-04-04,04:00:00,-64.67627,-54.861866,392408.5727,3919292.604,8.11441890525213,1
625,49127,2020-04-04,04:00:00,-64.73067,-54.805332,388761.897,3925497.604,6241.74278103214,0
626,49152,2020-04-04,04:00:00,-64.5088,-54.795734,402998.3293,3926895.009,12023.1696141582,0
627,49180,2020-04-04,04:00:00,-64.25066,-54.727467,419457.8921,3934817.384,30255.969449146,0
628,49138,2020-04-04,16:00:00,-64.67627,-54.861866,392408.5727,3919292.604,8.11441890525213,1
629,49178,2020-04-04,16:00:00,-64.680534,-54.855465,392117.8278,3919998.224,294.116134017946,1
630,49127,2020-04-04,16:00:00,-64.731735,-54.8064,388696.3873,3925377.089,6190.91310401939,0
631,49152,2020-04-04,16:00:00,-64.5248,-54.770134,401907.8181,3929721.057,12906.6841561878,0
632,49180,2020-04-04,16:00:00,-64.24747,-54.727467,419663.3163,3934821.041,30439.3539268909,0
633,49138,2020-04-05,04:00:00,-64.6752,-54.861866,392477.2441,3919294.247,15.2949134950136,1
634,49152,2020-04-05,04:00:00,-64.7264,-54.8544,389170.8278,3920045.12,2972.2501137224,0
635,49127,2020-04-05,04:00:00,-64.72747,-54.8064,388970.4833,3925383.853,6022.53208188568,0
636,49178,2020-04-05,16:00:00,-64.60907,-54.907734,396838.683,3914290.38,3648.03160129958,0
637,49152,2020-04-05,16:00:00,-64.67413,-54.871468,392571.4512,3918227.566,248.73295584288,1
638,49138,2020-04-05,16:00:00,-64.67947,-54.859734,392197.5129,3919524.892,22.2892074602402,1
639,49138,2020-04-06,04:00:00,-64.6752,-54.861866,392477.2441,3919294.247,15.2949134950136,1
640,49127,2020-04-06,04:00:00,-64.724266,-54.805332,389173.4697,3925507.747,5998.68521264055,0
641,49180,2020-04-06,04:00:00,-64.24747,-54.727467,419663.3163,3934821.041,30439.3539268909,0
642,49178,2020-04-06,16:00:00,-64.6592,-54.882133,393557.5284,3917063.764,74.5956770262561,1
643,49152,2020-04-06,16:00:00,-64.67413,-54.866135,392557.2681,3918820.918,74.0876730270578,1
644,49138,2020-04-06,16:00:00,-64.67413,-54.861866,392545.9155,3919295.889,54.1789681757994,1
645,49127,2020-04-06,16:00:00,-64.7328,-54.8064,388627.9437,3925375.398,6234.12945962378,0
646,49180,2020-04-06,16:00:00,-64.24747,-54.724266,419656.9846,3935177.201,30601.1525123073,0
647,49138,2020-04-07,04:00:00,-64.67094,-54.8608,392747.8168,3919419.382,52.8592448630593,1
648,49180,2020-04-07,04:00:00,-64.28267,-54.731735,417405.2523,3934305.296,28206.9596894376,0
649,49152,2020-04-07,16:00:00,-64.673065,-54.871468,392639.7855,3918229.199,198.332188999634,1
650,49138,2020-04-07,16:00:00,-64.67413,-54.855465,392528.8942,3920008.067,50.8821120614245,1
651,49178,2020-04-07,16:00:00,-64.67413,-54.8544,392526.0624,3920126.559,152.362129098135,1
652,49127,2020-04-07,16:00:00,-64.7328,-54.8064,388627.9437,3925375.398,6234.12945962378,0
653,49180,2020-04-07,16:00:00,-64.24427,-54.7264,419867.2794,3934943.42,30676.8395224891,0
654,49180,2020-04-08,04:00:00,-64.24427,-54.727467,419869.3846,3934824.7,30623.5906019428,0
655,49178,2020-04-08,16:00:00,-64.57387,-54.814934,398863.2498,3924666.821,7336.14573451339,0
656,49127,2020-04-08,16:00:00,-64.7328,-54.8064,388627.9437,3925375.398,6234.12945962378,0
657,49138,2020-04-08,16:00:00,-64.70613,-54.794666,390310.1543,3926722.956,6521.03185501043,0
658,49152,2020-04-08,16:00:00,-64.2304,-54.756268,420818.7639,3931635.886,30008.7616226198,0
659,49180,2020-04-08,16:00:00,-64.26987,-54.682667,418130.6563,3939779.815,31802.4185237478,0
660,49138,2020-04-09,04:00:00,-64.71467,-54.8,389775.6751,3926116.108,6194.41725849009,0
661,49180,2020-04-09,04:00:00,-64.27627,-54.730667,417815.1822,3934431.641,28626.9695195625,0
662,49127,2020-04-09,16:00:00,-64.7328,-54.80747,388630.8868,3925256.351,6142.5533238176,0
663,49138,2020-04-09,16:00:00,-64.71467,-54.8,389775.6751,3926116.108,6194.41725849009,0
664,49180,2020-04-09,16:00:00,-64.27306,-54.791466,418144.6624,3927670.569,25868.8458297413,0
665,49152,2020-04-09,16:00:00,-64.2624,-54.734932,418716.8243,3933973.252,29208.7047626203,0
666,49178,2020-04-09,16:00:00,-64.234665,-54.701866,420437.7985,3937684.125,32529.9784033869,0
667,49138,2020-04-10,04:00:00,-64.71467,-54.8,389775.6751,3926116.108,6194.41725849009,0
668,49152,2020-04-10,04:00:00,-64.13333,-54.7712,427092.1754,3930079.69,35053.9781715172,0
669,49180,2020-04-10,16:00:00,-64.6784,-54.8608,392269.0298,3919407.934,71.684410942013,1
670,49127,2020-04-10,16:00:00,-64.7328,-54.813866,388648.4805,3924544.742,5616.7082349472,0
671,49138,2020-04-10,16:00:00,-64.72107,-54.8,389364.3045,3926106.026,6390.39951602914,0
672,49152,2020-04-10,16:00:00,-63.81333,-54.754135,447655.4051,3932264.208,55257.0432017605,0
673,49178,2020-04-10,16:00:00,-64.263466,-54.676266,418530.6877,3940499.466,32556.5144429677,0
674,49180,2020-04-11,04:00:00,-64.736,-54.8576,388563.4264,3919673.861,3500.91613709125,0
675,49138,2020-04-11,04:00:00,-64.72,-54.798935,389430.173,3926226.205,6459.58736236096,0
676,49152,2020-04-11,04:00:00,-63.81333,-54.754135,447655.4051,3932264.208,55257.0432017605,0
677,49127,2020-04-11,16:00:00,-64.7328,-54.80747,388630.8868,3925256.351,6142.5533238176,0
678,49180,2020-04-11,16:00:00,-64.731735,-54.80747,388699.3286,3925258.043,6098.69003518306,0
679,49138,2020-04-11,16:00:00,-64.724266,-54.8032,389167.6345,3925744.951,6195.42642483572,0
680,49152,2020-04-11,16:00:00,-63.800533,-54.7264,448443.7707,3935359.772,56927.1607032186,0
681,49178,2020-04-11,16:00:00,-64.26133,-54.674133,418664.148,3940739.268,32808.6619510227,0
682,49180,2020-04-12,04:00:00,-64.7328,-54.858665,388771.7496,3919560.456,3282.22926068108,0
683,49178,2020-04-12,04:00:00,-64.24,-54.702934,420096.1265,3937559.234,32173.5646630003,0
684,49180,2020-04-12,16:00:00,-64.733864,-54.80747,388562.5093,3925254.66,6186.8209716769,0
685,49127,2020-04-12,16:00:00,-64.7328,-54.8064,388627.9437,3925375.398,6234.12945962378,0
686,49138,2020-04-12,16:00:00,-64.68587,-54.805332,391641.1163,3925567.776,5024.56676141782,0
687,49152,2020-04-12,16:00:00,-63.808,-54.753067,447997.0589,3932387.009,55619.2448548158,0
688,49178,2020-04-12,16:00:00,-64.2432,-54.702934,419889.9337,3937555.587,31996.3811991495,0
689,49180,2020-04-13,04:00:00,-64.73707,-54.8576,388494.7485,3919672.159,3568.96515200655,0
690,49178,2020-04-13,04:00:00,-64.24,-54.704,420098.2219,3937440.626,32113.1930733497,0
691,49127,2020-04-13,16:00:00,-64.7328,-54.80747,388630.8868,3925256.351,6142.5533238176,0
692,49180,2020-04-13,16:00:00,-64.7328,-54.80747,388630.8868,3925256.351,6142.5533238176,0
693,49138,2020-04-13,16:00:00,-64.717865,-54.8,389570.3111,3926111.08,6289.65844571313,0
694,49152,2020-04-13,16:00:00,-63.808,-54.718933,447953.3227,3936185.115,56733.5903752792,0
695,49127,2020-04-14,04:00:00,-64.724266,-54.805332,389173.4697,3925507.747,5998.68521264055,0
696,49180,2020-04-14,16:00:00,-64.523735,-54.7712,401978.9026,3929603.942,12875.7133958594,0
697,49152,2020-04-15,04:00:00,-63.808,-54.718933,447953.3227,3936185.115,56733.5903752792,0
698,49138,2020-04-15,04:00:00,-64.6752,-54.801067,392315.5216,3926058.739,5415.68073886388,0
699,49127,2020-04-15,04:00:00,-64.733864,-54.8064,388559.5643,3925373.707,6277.75263329833,0
700,49138,2020-04-15,16:00:00,-64.64854,-54.776535,393964.9273,3928828.788,8265.71570980216,0
701,49127,2020-04-15,16:00:00,-64.733864,-54.80747,388562.5093,3925254.66,6186.8209716769,0
702,49138,2020-04-16,04:00:00,-64.672,-54.8,392518.3713,3926182.364,5528.13890433126,0
703,49127,2020-04-16,04:00:00,-64.72747,-54.805332,388967.5547,3925502.677,6118.03809469895,0
704,49138,2020-04-16,16:00:00,-64.7296,-54.8064,388833.5959,3925380.477,6105.66700561789,0
705,49127,2020-04-16,16:00:00,-64.733864,-54.8064,388559.5643,3925373.707,6277.75263329833,0
706,49138,2020-04-17,04:00:00,-64.7232,-54.804268,389239.0692,3925627.811,6058.47053824187,0
707,49127,2020-04-17,04:00:00,-64.72747,-54.805332,388967.5547,3925502.677,6118.03809469895,0
708,49138,2020-04-17,16:00:00,-64.7296,-54.8064,388833.5959,3925380.477,6105.66700561789,0
709,49127,2020-04-17,16:00:00,-64.733864,-54.80747,388562.5093,3925254.66,6186.8209716769,0
710,49138,2020-04-18,04:00:00,-64.72107,-54.804268,389375.9639,3925631.175,5984.08712967494,0
711,49127,2020-04-18,04:00:00,-64.72747,-54.805332,388967.5547,3925502.677,6118.03809469895,0
712,49138,2020-04-18,16:00:00,-64.672,-54.798935,392515.545,3926300.855,5646.6550930096,0
713,49127,2020-04-18,16:00:00,-64.733864,-54.8064,388559.5643,3925373.707,6277.75263329833,0
714,49138,2020-04-19,04:00:00,-64.71574,-54.8,389706.899,3926114.425,6225.7215476963,0
715,49127,2020-04-19,04:00:00,-64.72747,-54.805332,388967.5547,3925502.677,6118.03809469895,0
716,49138,2020-04-19,16:00:00,-64.69227,-54.786133,391178.2319,3927693.925,7200.51888533282,0
717,49127,2020-04-19,16:00:00,-64.733864,-54.80747,388562.5093,3925254.66,6186.8209716769,0
718,49127,2020-04-20,04:00:00,-64.72213,-54.80213,389301.9936,3925867.372,6221.95169603192,0
719,49138,2020-04-20,16:00:00,-64.71574,-54.8,389706.899,3926114.425,6225.7215476963,0
720,49127,2020-04-20,16:00:00,-64.733864,-54.80747,388562.5093,3925254.66,6186.8209716769,0
721,49138,2020-04-21,04:00:00,-64.72213,-54.805332,389310.7464,3925511.122,5921.75697820271,0
722,49127,2020-04-21,04:00:00,-64.725334,-54.805332,389104.8314,3925506.058,6037.95171139138,0
723,49138,2020-04-21,16:00:00,-64.701866,-54.7968,390590.0308,3926492.193,6206.20107857777,0
724,49127,2020-04-21,16:00:00,-64.731735,-54.80747,388699.3286,3925258.043,6098.69003518306,0
725,49138,2020-04-22,16:00:00,-64.656,-54.88,393757.1863,3917305.943,16.8301941802587,1
726,49127,2020-04-22,16:00:00,-64.70827,-54.794666,390172.5839,3926719.606,6569.63414935959,0
727,49138,2020-04-23,04:00:00,-64.656,-54.88,393757.1863,3917305.943,16.8301941802587,1
728,49138,2020-04-23,16:00:00,-64.67094,-54.8544,392730.8309,3920131.448,200.195602230479,1
729,49127,2020-04-23,16:00:00,-64.731735,-54.80747,388699.3286,3925258.043,6098.69003518306,0
730,49138,2020-04-24,16:00:00,-64.67094,-54.8544,392730.8309,3920131.448,200.195602230479,1
731,49127,2020-04-24,16:00:00,-64.731735,-54.80747,388699.3286,3925258.043,6098.69003518306,0
732,49127,2020-04-25,04:00:00,-64.7232,-54.8032,389236.1479,3925746.635,6157.99602869069,0
733,49138,2020-04-25,16:00:00,-64.72853,-54.8064,388902.361,3925382.174,6063.6611582295,0
734,49127,2020-04-25,16:00:00,-64.731735,-54.80747,388699.3286,3925258.043,6098.69003518306,0
735,49138,2020-04-26,04:00:00,-64.72,-54.805332,389447.6376,3925514.484,5847.24567119651,0
736,49127,2020-04-26,04:00:00,-64.7232,-54.805332,389241.9795,3925509.432,5960.02232165406,0
737,49138,2020-04-26,16:00:00,-64.70827,-54.8,390187.0461,3926126.152,6020.18616618338,0
738,49127,2020-04-26,16:00:00,-64.733864,-54.80747,388562.5093,3925254.66,6186.8209716769,0
739,49138,2020-04-27,04:00:00,-64.71253,-54.797867,389907.4294,3926356.785,6348.48537384935,0
740,49127,2020-04-27,04:00:00,-64.72747,-54.805332,388967.5547,3925502.677,6118.03809469895,0
741,49138,2020-04-27,16:00:00,-64.724266,-54.8064,389176.3928,3925388.923,5901.25129233086,0
742,49127,2020-04-27,16:00:00,-64.733864,-54.80747,388562.5093,3925254.66,6186.8209716769,0
743,49138,2020-04-28,04:00:00,-64.725334,-54.805332,389104.8314,3925506.058,6037.95171139138,0
744,49138,2020-04-28,16:00:00,-64.7072,-54.8,390255.8222,3926127.828,5993.31677942574,0
745,49127,2020-04-28,16:00:00,-64.733864,-54.8064,388559.5643,3925373.707,6277.75263329833,0
746,49138,2020-04-29,04:00:00,-64.725334,-54.804268,389101.9174,3925624.437,6135.15168162847,0
747,49127,2020-04-29,04:00:00,-64.7328,-54.805332,388625.0061,3925494.222,6326.44749883037,0
748,49138,2020-04-29,16:00:00,-64.7296,-54.80747,388836.5337,3925261.431,6012.13873836307,0
749,49127,2020-04-29,16:00:00,-64.733864,-54.8064,388559.5643,3925373.707,6277.75263329833,0
750,49127,2020-04-30,04:00:00,-64.72747,-54.8032,388961.7087,3925739.88,6311.06511664077,0
751,49138,2020-04-30,16:00:00,-64.72747,-54.805332,388967.5547,3925502.677,6118.03809469895,0
752,49127,2020-04-30,16:00:00,-64.733864,-54.8064,388559.5643,3925373.707,6277.75263329833,0
753,49138,2020-05-01,16:00:00,-64.731735,-54.80747,388699.3286,3925258.043,6098.69003518306,0
754,49127,2020-05-01,16:00:00,-64.733864,-54.80747,388562.5093,3925254.66,6186.8209716769,0
755,49127,2020-05-02,04:00:00,-64.725334,-54.804268,389101.9174,3925624.437,6135.15168162847,0
756,49138,2020-05-02,16:00:00,-64.731735,-54.80747,388699.3286,3925258.043,6098.69003518306,0
757,49127,2020-05-02,16:00:00,-64.7296,-54.8064,388833.5959,3925380.477,6105.66700561789,0
758,49138,2020-05-03,04:00:00,-64.725334,-54.804268,389101.9174,3925624.437,6135.15168162847,0
759,49127,2020-05-03,04:00:00,-64.7264,-54.805332,389036.3216,3925504.371,6077.66427423681,0
760,49138,2020-05-03,16:00:00,-64.733864,-54.80747,388562.5093,3925254.66,6186.8209716769,0
761,49127,2020-05-03,16:00:00,-64.7328,-54.805332,388625.0061,3925494.222,6326.44749883037,0
762,49138,2020-05-04,04:00:00,-64.725334,-54.805332,389104.8314,3925506.058,6037.95171139138,0
763,49127,2020-05-04,04:00:00,-64.724266,-54.804268,389170.5576,3925626.127,6096.51096533897,0
764,49138,2020-05-04,16:00:00,-64.733864,-54.80747,388562.5093,3925254.66,6186.8209716769,0
765,49127,2020-05-04,16:00:00,-64.731735,-54.805332,388693.4515,3925495.913,6283.86491036436,0
766,49138,2020-05-05,04:00:00,-64.725334,-54.804268,389101.9174,3925624.437,6135.15168162847,0
767,49138,2020-05-05,16:00:00,-64.70506,-54.8,390393.3745,3926131.176,5941.59983578817,0
768,49127,2020-05-05,16:00:00,-64.731735,-54.8064,388696.3873,3925377.089,6190.91310401939,0
769,49138,2020-05-06,04:00:00,-64.725334,-54.805332,389104.8314,3925506.058,6037.95171139138,0
770,49127,2020-05-06,04:00:00,-64.725334,-54.804268,389101.9174,3925624.437,6135.15168162847,0
771,49138,2020-05-06,16:00:00,-64.733864,-54.8064,388559.5643,3925373.707,6277.75263329833,0
772,49127,2020-05-06,16:00:00,-64.733864,-54.8064,388559.5643,3925373.707,6277.75263329833,0
773,49138,2020-05-07,04:00:00,-64.725334,-54.805332,389104.8314,3925506.058,6037.95171139138,0
774,49127,2020-05-07,04:00:00,-64.725334,-54.805332,389104.8314,3925506.058,6037.95171139138,0
775,49138,2020-05-07,16:00:00,-64.731735,-54.8064,388696.3873,3925377.089,6190.91310401939,0
776,49127,2020-05-07,16:00:00,-64.733864,-54.8064,388559.5643,3925373.707,6277.75263329833,0
777,49138,2020-05-08,04:00:00,-64.725334,-54.804268,389101.9174,3925624.437,6135.15168162847,0
778,49127,2020-05-08,04:00:00,-64.72747,-54.805332,388967.5547,3925502.677,6118.03809469895,0
779,49138,2020-05-08,16:00:00,-64.733864,-54.80747,388562.5093,3925254.66,6186.8209716769,0
780,49127,2020-05-08,16:00:00,-64.7424,-54.80213,387999.1778,3925835.175,6995.23034170817,0
781,49127,2020-05-09,04:00:00,-64.725334,-54.805332,389104.8314,3925506.058,6037.95171139138,0
782,49138,2020-05-09,16:00:00,-64.733864,-54.8064,388559.5643,3925373.707,6277.75263329833,0
783,49127,2020-05-09,16:00:00,-64.733864,-54.8064,388559.5643,3925373.707,6277.75263329833,0
784,49138,2020-05-10,04:00:00,-64.73067,-54.805332,388761.897,3925497.604,6241.74278103214,0
785,49127,2020-05-10,04:00:00,-64.733864,-54.8064,388559.5643,3925373.707,6277.75263329833,0
786,49138,2020-05-10,16:00:00,-64.733864,-54.80747,388562.5093,3925254.66,6186.8209716769,0
787,49127,2020-05-10,16:00:00,-64.733864,-54.8064,388559.5643,3925373.707,6277.75263329833,0
788,49138,2020-05-11,04:00:00,-64.73067,-54.805332,388761.897,3925497.604,6241.74278103214,0
789,49127,2020-05-11,04:00:00,-64.733864,-54.80747,388562.5093,3925254.66,6186.8209716769,0
790,49138,2020-05-11,16:00:00,-64.73067,-54.804268,388758.974,3925615.983,6335.82246171343,0
791,49127,2020-05-11,16:00:00,-64.733864,-54.8064,388559.5643,3925373.707,6277.75263329833,0
792,49138,2020-05-12,04:00:00,-64.73067,-54.805332,388761.897,3925497.604,6241.74278103214,0